,0,1
0,2015-07-30,0.0010336666666666667
1,2015-07-31,0.004607666666666667
2,2015-08-01,0.005168666666666666
3,2015-08-02,0.006068666666666667
4,2015-08-03,0.006656
5,2015-08-04,0.007314333333333333
6,2015-08-05,0.007673666666666666
7,2015-08-06,0.007859333333333334
8,2015-08-07,0.00847
9,2015-08-08,0.009313333333333333
10,2015-08-09,0.009729
11,2015-08-10,0.010685
12,2015-08-11,0.011927666666666665
13,2015-08-12,0.012642666666666668
14,2015-08-13,0.013831666666666666
15,2015-08-14,0.017359333333333334
16,2015-08-15,0.020064666666666665
17,2015-08-16,0.020416333333333335
18,2015-08-17,0.022770666666666665
19,2015-08-18,0.023762333333333333
20,2015-08-19,0.023257333333333335
21,2015-08-20,0.017317666666666665
22,2015-08-21,0.019606333333333333
23,2015-08-22,0.020481
24,2015-08-23,0.021188333333333337
25,2015-08-24,0.02201433333333333
26,2015-08-25,0.020099000000000002
27,2015-08-26,0.020694666666666663
28,2015-08-27,0.02088833333333333
29,2015-08-28,0.02093866666666667
30,2015-08-29,0.020832666666666666
31,2015-08-30,0.019905999999999997
32,2015-08-31,0.021635
33,2015-09-01,0.022837333333333334
34,2015-09-02,0.022902666666666665
35,2015-09-03,0.021637666666666666
36,2015-09-04,0.022807666666666667
37,2015-09-05,0.024373000000000002
38,2015-09-06,0.025484999999999997
39,2015-09-07,0.024730000000000002
40,2015-09-08,0.021451666666666664
41,2015-09-09,0.022591
42,2015-09-10,0.023039333333333332
43,2015-09-11,0.024795666666666664
44,2015-09-12,0.024796000000000002
45,2015-09-13,0.025313000000000002
46,2015-09-14,0.023682666666666668
47,2015-09-15,0.022915333333333333
48,2015-09-16,0.02236533333333333
49,2015-09-17,0.02114066666666667
50,2015-09-18,0.020194666666666666
51,2015-09-19,0.02097
52,2015-09-20,0.024363666666666662
53,2015-09-21,0.024277333333333335
54,2015-09-22,0.024583333333333332
55,2015-09-23,0.02614733333333333
56,2015-09-24,0.026335333333333332
57,2015-09-25,0.02671866666666667
58,2015-09-26,0.026285666666666666
59,2015-09-27,0.025297666666666666
60,2015-09-28,0.02324533333333333
61,2015-09-29,0.021517333333333333
62,2015-09-30,0.020590666666666667
63,2015-10-01,0.022748
64,2015-10-02,0.023592333333333337
65,2015-10-03,0.024361333333333336
66,2015-10-04,0.023229
67,2015-10-05,0.02374966666666667
68,2015-10-06,0.022627333333333333
69,2015-10-07,0.022883
70,2015-10-08,0.023327333333333335
71,2015-10-09,0.022706999999999995
72,2015-10-10,0.022315
73,2015-10-11,0.023628333333333335
74,2015-10-12,0.023903333333333335
75,2015-10-13,0.024374666666666666
76,2015-10-14,0.02417933333333333
77,2015-10-15,0.022913666666666666
78,2015-10-16,0.021255333333333334
79,2015-10-17,0.02249733333333333
80,2015-10-18,0.02160933333333333
81,2015-10-19,0.02141433333333333
82,2015-10-20,0.02128033333333333
83,2015-10-21,0.021400333333333337
84,2015-10-22,0.020226666666666667
85,2015-10-23,0.022699
86,2015-10-24,0.023583999999999997
87,2015-10-25,0.024619000000000002
88,2015-10-26,0.022873666666666667
89,2015-10-27,0.02474066666666667
90,2015-10-28,0.024587666666666664
91,2015-10-29,0.026829000000000002
92,2015-10-30,0.028159666666666666
93,2015-10-31,0.02901733333333333
94,2015-11-01,0.029382666666666668
95,2015-11-02,0.027627666666666665
96,2015-11-03,0.026834
97,2015-11-04,0.028745333333333335
98,2015-11-05,0.027121000000000003
99,2015-11-06,0.027216666666666667
100,2015-11-07,0.026099333333333335
101,2015-11-08,0.027091333333333332
102,2015-11-09,0.026739666666666665
103,2015-11-10,0.02723666666666667
104,2015-11-11,0.027279333333333336
105,2015-11-12,0.027883666666666668
106,2015-11-13,0.02830133333333333
107,2015-11-14,0.02858933333333333
108,2015-11-15,0.029150000000000006
109,2015-11-16,0.028824
110,2015-11-17,0.028256
111,2015-11-18,0.029364
112,2015-11-19,0.02973366666666667
113,2015-11-20,0.025795333333333337
114,2015-11-21,0.026019666666666667
115,2015-11-22,0.026250333333333334
116,2015-11-23,0.026314
117,2015-11-24,0.026129
118,2015-11-25,0.025365333333333333
119,2015-11-26,0.02522366666666666
120,2015-11-27,0.026315999999999996
121,2015-11-28,0.026707666666666668
122,2015-11-29,0.026555333333333334
123,2015-11-30,0.02693133333333333
124,2015-12-01,0.027354666666666666
125,2015-12-02,0.025588333333333334
126,2015-12-03,0.026988333333333333
127,2015-12-04,0.025884666666666667
128,2015-12-05,0.026754333333333335
129,2015-12-06,0.024982666666666667
130,2015-12-07,0.025070666666666668
131,2015-12-08,0.023964999999999997
132,2015-12-09,0.025711333333333333
133,2015-12-10,0.02613966666666667
134,2015-12-11,0.026891333333333333
135,2015-12-12,0.027185333333333336
136,2015-12-13,0.030331666666666663
137,2015-12-14,0.029782333333333338
138,2015-12-15,0.030557666666666667
139,2015-12-16,0.02863866666666667
140,2015-12-17,0.029581333333333334
141,2015-12-18,0.029153333333333337
142,2015-12-19,0.029230333333333334
143,2015-12-20,0.028353
144,2015-12-21,0.027534333333333338
145,2015-12-22,0.02934166666666667
146,2015-12-23,0.028762
147,2015-12-24,0.027621000000000003
148,2015-12-25,0.027709
149,2015-12-26,0.02741266666666667
150,2015-12-27,0.028043333333333333
151,2015-12-28,0.027786
152,2015-12-29,0.027912000000000003
153,2015-12-30,0.027541333333333334
154,2015-12-31,0.028118000000000004
155,2016-01-01,0.027378333333333334
156,2016-01-02,0.027326666666666666
157,2016-01-03,0.02802033333333333
158,2016-01-04,0.027936666666666665
159,2016-01-05,0.027958666666666663
160,2016-01-06,0.028337333333333336
161,2016-01-07,0.027035666666666666
162,2016-01-08,0.028382666666666667
163,2016-01-09,0.028267999999999998
164,2016-01-10,0.027393
165,2016-01-11,0.028432666666666665
166,2016-01-12,0.02742233333333333
167,2016-01-13,0.02720433333333333
168,2016-01-14,0.02834266666666667
169,2016-01-15,0.029243333333333333
170,2016-01-16,0.029656
171,2016-01-17,0.029414666666666662
172,2016-01-18,0.030513333333333333
173,2016-01-19,0.030314666666666667
174,2016-01-20,0.030644333333333332
175,2016-01-21,0.03024366666666667
176,2016-01-22,0.031935333333333336
177,2016-01-23,0.031540000000000006
178,2016-01-24,0.03378433333333333
179,2016-01-25,0.032573333333333336
180,2016-01-26,0.034826666666666665
181,2016-01-27,0.034354
182,2016-01-28,0.03391733333333333
183,2016-01-29,0.03450866666666667
184,2016-01-30,0.03452533333333333
185,2016-01-31,0.033304
186,2016-02-01,0.03507466666666667
187,2016-02-02,0.03310133333333334
188,2016-02-03,0.035263333333333334
189,2016-02-04,0.035138
190,2016-02-05,0.03528233333333333
191,2016-02-06,0.03397
192,2016-02-07,0.034861333333333334
193,2016-02-08,0.036319
194,2016-02-09,0.03491166666666667
195,2016-02-10,0.03596166666666667
196,2016-02-11,0.03753566666666667
197,2016-02-12,0.03621333333333333
198,2016-02-13,0.038553333333333335
199,2016-02-14,0.03906866666666667
200,2016-02-15,0.04000666666666667
201,2016-02-16,0.039641666666666665
202,2016-02-17,0.03856266666666667
203,2016-02-18,0.037557
204,2016-02-19,0.040160999999999995
205,2016-02-20,0.040169333333333335
206,2016-02-21,0.04055333333333333
207,2016-02-22,0.04259933333333334
208,2016-02-23,0.042839999999999996
209,2016-02-24,0.04270433333333334
210,2016-02-25,0.042968000000000006
211,2016-02-26,0.04491766666666667
212,2016-02-27,0.04530566666666667
213,2016-02-28,0.04659333333333334
214,2016-02-29,0.045195000000000006
215,2016-03-01,0.045687
216,2016-03-02,0.04750933333333333
217,2016-03-03,0.04858366666666667
218,2016-03-04,0.04945766666666667
219,2016-03-05,0.052312
220,2016-03-06,0.05250199999999999
221,2016-03-07,0.053137
222,2016-03-08,0.05360366666666666
223,2016-03-09,0.054515
224,2016-03-10,0.05677033333333333
225,2016-03-11,0.05827933333333334
226,2016-03-12,0.06158566666666667
227,2016-03-13,0.06486
228,2016-03-14,0.062695
229,2016-03-15,0.06507066666666667
230,2016-03-16,0.06601333333333333
231,2016-03-17,0.06900833333333332
232,2016-03-18,0.06788933333333332
233,2016-03-19,0.07115133333333333
234,2016-03-20,0.07317666666666665
235,2016-03-21,0.071757
236,2016-03-22,0.07353266666666668
237,2016-03-23,0.069548
238,2016-03-24,0.075284
239,2016-03-25,0.07875700000000001
240,2016-03-26,0.08001666666666667
241,2016-03-27,0.08074666666666667
242,2016-03-28,0.07911366666666668
243,2016-03-29,0.08214233333333333
244,2016-03-30,0.083386
245,2016-03-31,0.08678166666666666
246,2016-04-01,0.09041633333333332
247,2016-04-02,0.08793666666666666
248,2016-04-03,0.09282900000000001
249,2016-04-04,0.096317
250,2016-04-05,0.09728533333333333
251,2016-04-06,0.09605466666666666
252,2016-04-07,0.09168233333333332
253,2016-04-08,0.10045799999999999
254,2016-04-09,0.09957833333333332
255,2016-04-10,0.10437666666666666
256,2016-04-11,0.10079199999999999
257,2016-04-12,0.09924766666666666
258,2016-04-13,0.10458033333333333
259,2016-04-14,0.10476766666666666
260,2016-04-15,0.10931433333333333
261,2016-04-16,0.11042166666666665
262,2016-04-17,0.10837233333333333
263,2016-04-18,0.11423699999999999
264,2016-04-19,0.11421466666666667
265,2016-04-20,0.116467
266,2016-04-21,0.11786233333333333
267,2016-04-22,0.11444966666666667
268,2016-04-23,0.11881799999999998
269,2016-04-24,0.11754799999999999
270,2016-04-25,0.122124
271,2016-04-26,0.12014233333333334
272,2016-04-27,0.12019966666666666
273,2016-04-28,0.12401366666666665
274,2016-04-29,0.12529133333333334
275,2016-04-30,0.12981233333333334
276,2016-05-01,0.12944366666666665
277,2016-05-02,0.125219
278,2016-05-03,0.133387
279,2016-05-04,0.130653
280,2016-05-05,0.13156500000000002
281,2016-05-06,0.13146
282,2016-05-07,0.12992566666666666
283,2016-05-08,0.13156400000000001
284,2016-05-09,0.13310766666666665
285,2016-05-10,0.13582799999999998
286,2016-05-11,0.132457
287,2016-05-12,0.1349773333333333
288,2016-05-13,0.14381566666666667
289,2016-05-14,0.14131966666666665
290,2016-05-15,0.14281166666666667
291,2016-05-16,0.14395233333333332
292,2016-05-17,0.14163166666666668
293,2016-05-18,0.14713233333333334
294,2016-05-19,0.15250866666666665
295,2016-05-20,0.15607166666666666
296,2016-05-21,0.15704866666666664
297,2016-05-22,0.15705166666666667
298,2016-05-23,0.15772466666666668
299,2016-05-24,0.16125166666666665
300,2016-05-25,0.162702
301,2016-05-26,0.163701
302,2016-05-27,0.16456133333333334
303,2016-05-28,0.16928033333333334
304,2016-05-29,0.16918833333333336
305,2016-05-30,0.1698656666666667
306,2016-05-31,0.16993
307,2016-06-01,0.16798733333333335
308,2016-06-02,0.16928066666666663
309,2016-06-03,0.17815033333333333
310,2016-06-04,0.17943733333333334
311,2016-06-05,0.175368
312,2016-06-06,0.182202
313,2016-06-07,0.18438999999999997
314,2016-06-08,0.18748399999999998
315,2016-06-09,0.19432433333333332
316,2016-06-10,0.18393299999999999
317,2016-06-11,0.1901803333333333
318,2016-06-12,0.1905313333333333
319,2016-06-13,0.19972233333333334
320,2016-06-14,0.19966733333333334
321,2016-06-15,0.199241
322,2016-06-16,0.19792999999999997
323,2016-06-17,0.20681433333333335
324,2016-06-18,0.20184966666666668
325,2016-06-19,0.20583233333333337
326,2016-06-20,0.20434266666666664
327,2016-06-21,0.20467166666666667
328,2016-06-22,0.21091533333333334
329,2016-06-23,0.214736
330,2016-06-24,0.21439799999999998
331,2016-06-25,0.21544366666666667
332,2016-06-26,0.222197
333,2016-06-27,0.22522466666666666
334,2016-06-28,0.22780233333333336
335,2016-06-29,0.22162333333333337
336,2016-06-30,0.22432333333333335
337,2016-07-01,0.23005433333333333
338,2016-07-02,0.22957566666666665
339,2016-07-03,0.23421133333333333
340,2016-07-04,0.23394166666666663
341,2016-07-05,0.23461400000000002
342,2016-07-06,0.23510433333333336
343,2016-07-07,0.23514933333333332
344,2016-07-08,0.23760866666666666
345,2016-07-09,0.23626566666666668
346,2016-07-10,0.239425
347,2016-07-11,0.24328399999999997
348,2016-07-12,0.24357933333333334
349,2016-07-13,0.24747333333333332
350,2016-07-14,0.24420766666666668
351,2016-07-15,0.24130933333333335
352,2016-07-16,0.24336766666666665
353,2016-07-17,0.24083999999999997
354,2016-07-18,0.24915400000000001
355,2016-07-19,0.248107
356,2016-07-20,0.23826599999999998
357,2016-07-21,0.24948066666666668
358,2016-07-22,0.24036133333333334
359,2016-07-23,0.2515826666666667
360,2016-07-24,0.2444223333333333
361,2016-07-25,0.23835166666666666
362,2016-07-26,0.22628
363,2016-07-27,0.2154033333333333
364,2016-07-28,0.22946766666666665
365,2016-07-29,0.22471133333333335
366,2016-07-30,0.21992733333333334
367,2016-07-31,0.22477966666666668
368,2016-08-01,0.21971033333333334
369,2016-08-02,0.2017036666666667
370,2016-08-03,0.19436533333333336
371,2016-08-04,0.20989066666666667
372,2016-08-05,0.21631599999999998
373,2016-08-06,0.21194366666666667
374,2016-08-07,0.21856233333333333
375,2016-08-08,0.21934833333333334
376,2016-08-09,0.23425900000000002
377,2016-08-10,0.23652600000000001
378,2016-08-11,0.24299566666666664
379,2016-08-12,0.24283599999999997
380,2016-08-13,0.23958166666666666
381,2016-08-14,0.23964833333333332
382,2016-08-15,0.24113333333333334
383,2016-08-16,0.247642
384,2016-08-17,0.2465366666666667
385,2016-08-18,0.2505793333333333
386,2016-08-19,0.248907
387,2016-08-20,0.25615533333333335
388,2016-08-21,0.25982333333333335
389,2016-08-22,0.2599163333333333
390,2016-08-23,0.2633573333333333
391,2016-08-24,0.263957
392,2016-08-25,0.2677913333333333
393,2016-08-26,0.277674
394,2016-08-27,0.276653
395,2016-08-28,0.2755033333333333
396,2016-08-29,0.271001
397,2016-08-30,0.267787
398,2016-08-31,0.27443866666666666
399,2016-09-01,0.27629366666666666
400,2016-09-02,0.28051566666666666
401,2016-09-03,0.26761533333333337
402,2016-09-04,0.25952400000000003
403,2016-09-05,0.2670633333333333
404,2016-09-06,0.26584233333333335
405,2016-09-07,0.2745593333333333
406,2016-09-08,0.27120666666666665
407,2016-09-09,0.27208166666666667
408,2016-09-10,0.27193133333333336
409,2016-09-11,0.281209
410,2016-09-12,0.2800803333333333
411,2016-09-13,0.28001666666666664
412,2016-09-14,0.28909833333333335
413,2016-09-15,0.2896046666666667
414,2016-09-16,0.28781633333333334
415,2016-09-17,0.29905366666666666
416,2016-09-18,0.25260699999999997
417,2016-09-19,0.267687
418,2016-09-20,0.28846166666666667
419,2016-09-21,0.29979066666666665
420,2016-09-22,0.2772326666666667
421,2016-09-23,0.3095
422,2016-09-24,0.308295
423,2016-09-25,0.316772
424,2016-09-26,0.29983699999999996
425,2016-09-27,0.316593
426,2016-09-28,0.31919633333333336
427,2016-09-29,0.327673
428,2016-09-30,0.3203943333333334
429,2016-10-01,0.3281833333333333
430,2016-10-02,0.339863
431,2016-10-03,0.33360366666666663
432,2016-10-04,0.33641000000000004
433,2016-10-05,0.3357313333333334
434,2016-10-06,0.3405556666666667
435,2016-10-07,0.3345613333333333
436,2016-10-08,0.34513900000000003
437,2016-10-09,0.34921833333333335
438,2016-10-10,0.35169200000000006
439,2016-10-11,0.35517899999999997
440,2016-10-12,0.3390586666666667
441,2016-10-13,0.34740333333333334
442,2016-10-14,0.3622023333333333
443,2016-10-15,0.3633296666666667
444,2016-10-16,0.37292499999999995
445,2016-10-17,0.36155033333333336
446,2016-10-18,0.3774573333333333
447,2016-10-19,0.3653673333333334
448,2016-10-20,0.38474233333333335
449,2016-10-21,0.38694133333333336
450,2016-10-22,0.3888203333333333
451,2016-10-23,0.37983066666666665
452,2016-10-24,0.38585733333333333
453,2016-10-25,0.38865466666666665
454,2016-10-26,0.391817
455,2016-10-27,0.38636133333333333
456,2016-10-28,0.37264433333333336
457,2016-10-29,0.303257
458,2016-10-30,0.29301333333333335
459,2016-10-31,0.31084266666666666
460,2016-11-01,0.27138266666666666
461,2016-11-02,0.24784333333333333
462,2016-11-03,0.23705066666666666
463,2016-11-04,0.21879200000000001
464,2016-11-05,0.20470433333333335
465,2016-11-06,0.19999533333333333
466,2016-11-07,0.233204
467,2016-11-08,0.2615726666666667
468,2016-11-09,0.258523
469,2016-11-10,0.23576833333333333
470,2016-11-11,0.231459
471,2016-11-12,0.23478233333333332
472,2016-11-13,0.25423533333333337
473,2016-11-14,0.2644553333333333
474,2016-11-15,0.267646
475,2016-11-16,0.262553
476,2016-11-17,0.24897500000000003
477,2016-11-18,0.27015633333333333
478,2016-11-19,0.28204633333333334
479,2016-11-20,0.309941
480,2016-11-21,0.32735333333333333
481,2016-11-22,0.30954566666666666
482,2016-11-23,0.30320600000000003
483,2016-11-24,0.268208
484,2016-11-25,0.2739023333333333
485,2016-11-26,0.276066
486,2016-11-27,0.2768136666666667
487,2016-11-28,0.2903386666666667
488,2016-11-29,0.28546200000000005
489,2016-11-30,0.27328933333333333
490,2016-12-01,0.27453500000000003
491,2016-12-02,0.27988766666666665
492,2016-12-03,0.2939576666666666
493,2016-12-04,0.28939299999999996
494,2016-12-05,0.2826306666666667
495,2016-12-06,0.2820763333333334
496,2016-12-07,0.28614466666666666
497,2016-12-08,0.301826
498,2016-12-09,0.30508833333333335
499,2016-12-10,0.312546
500,2016-12-11,0.321259
501,2016-12-12,0.3070083333333333
502,2016-12-13,0.31673333333333337
503,2016-12-14,0.31669433333333336
504,2016-12-15,0.31458699999999995
505,2016-12-16,0.321498
506,2016-12-17,0.3274936666666667
507,2016-12-18,0.33804233333333333
508,2016-12-19,0.3386023333333333
509,2016-12-20,0.34738033333333335
510,2016-12-21,0.34526166666666663
511,2016-12-22,0.33407600000000004
512,2016-12-23,0.31174233333333334
513,2016-12-24,0.29215199999999997
514,2016-12-25,0.30803033333333335
515,2016-12-26,0.31878
516,2016-12-27,0.307469
517,2016-12-28,0.306957
518,2016-12-29,0.30546066666666666
519,2016-12-30,0.30506
520,2016-12-31,0.30986033333333335
521,2017-01-01,0.30743699999999996
522,2017-01-02,0.30937966666666666
523,2017-01-03,0.3099463333333333
524,2017-01-04,0.33673166666666665
525,2017-01-05,0.3457806666666667
526,2017-01-06,0.34808533333333336
527,2017-01-07,0.36062600000000006
528,2017-01-08,0.35893966666666666
529,2017-01-09,0.36760499999999996
530,2017-01-10,0.37036700000000006
531,2017-01-11,0.3744973333333334
532,2017-01-12,0.3775093333333333
533,2017-01-13,0.3844426666666667
534,2017-01-14,0.385746
535,2017-01-15,0.38973233333333335
536,2017-01-16,0.3928603333333333
537,2017-01-17,0.38580400000000004
538,2017-01-18,0.38055733333333336
539,2017-01-19,0.40741
540,2017-01-20,0.39510033333333333
541,2017-01-21,0.4070553333333333
542,2017-01-22,0.4072563333333334
543,2017-01-23,0.41249166666666665
544,2017-01-24,0.40979766666666667
545,2017-01-25,0.411821
546,2017-01-26,0.42107166666666673
547,2017-01-27,0.41512533333333335
548,2017-01-28,0.41752933333333336
549,2017-01-29,0.4098116666666667
550,2017-01-30,0.4243506666666667
551,2017-01-31,0.4194986666666667
552,2017-02-01,0.4138323333333333
553,2017-02-02,0.4219986666666667
554,2017-02-03,0.4118846666666667
555,2017-02-04,0.42266566666666666
556,2017-02-05,0.43584466666666666
557,2017-02-06,0.4425046666666666
558,2017-02-07,0.43830566666666665
559,2017-02-08,0.44781166666666666
560,2017-02-09,0.4444063333333333
561,2017-02-10,0.45384633333333335
562,2017-02-11,0.45792666666666665
563,2017-02-12,0.4652876666666667
564,2017-02-13,0.46828633333333336
565,2017-02-14,0.47061766666666666
566,2017-02-15,0.4757753333333333
567,2017-02-16,0.47274599999999994
568,2017-02-17,0.4812406666666667
569,2017-02-18,0.4879556666666667
570,2017-02-19,0.4956133333333333
571,2017-02-20,0.49679366666666663
572,2017-02-21,0.5057216666666667
573,2017-02-22,0.4999146666666667
574,2017-02-23,0.49912
575,2017-02-24,0.5049899999999999
576,2017-02-25,0.5153376666666666
577,2017-02-26,0.5349893333333333
578,2017-02-27,0.542014
579,2017-02-28,0.565237
580,2017-03-01,0.547977
581,2017-03-02,0.5577666666666666
582,2017-03-03,0.5776016666666667
583,2017-03-04,0.568439
584,2017-03-05,0.5924056666666666
585,2017-03-06,0.591062
586,2017-03-07,0.5918019999999999
587,2017-03-08,0.6080866666666667
588,2017-03-09,0.608869
589,2017-03-10,0.613525
590,2017-03-11,0.6254963333333333
591,2017-03-12,0.627355
592,2017-03-13,0.6519093333333333
593,2017-03-14,0.643281
594,2017-03-15,0.662797
595,2017-03-16,0.6684666666666667
596,2017-03-17,0.7021803333333333
597,2017-03-18,0.720269
598,2017-03-19,0.677756
599,2017-03-20,0.7223159999999998
600,2017-03-21,0.7059303333333333
601,2017-03-22,0.721547
602,2017-03-23,0.7405606666666666
603,2017-03-24,0.7420086666666666
604,2017-03-25,0.7368816666666667
605,2017-03-26,0.7858490000000001
606,2017-03-27,0.8129143333333334
607,2017-03-28,0.7906616666666667
608,2017-03-29,0.825179
609,2017-03-30,0.8269166666666666
610,2017-03-31,0.8526373333333334
611,2017-04-01,0.8296286666666667
612,2017-04-02,0.81353
613,2017-04-03,0.7897883333333334
614,2017-04-04,0.850089
615,2017-04-05,0.867323
616,2017-04-06,0.8659926666666667
617,2017-04-07,0.874081
618,2017-04-08,0.8870526666666666
619,2017-04-09,0.8587456666666666
620,2017-04-10,0.8648166666666667
621,2017-04-11,0.8901706666666667
622,2017-04-12,0.8857533333333333
623,2017-04-13,0.8681043333333335
624,2017-04-14,0.9463673333333333
625,2017-04-15,0.927328
626,2017-04-16,0.9455270000000001
627,2017-04-17,0.957793
628,2017-04-18,0.9749036666666667
629,2017-04-19,0.9702506666666667
630,2017-04-20,0.9768053333333334
631,2017-04-21,0.9948736666666665
632,2017-04-22,0.9986346666666667
633,2017-04-23,1.029724
634,2017-04-24,0.9876290000000001
635,2017-04-25,1.0332903333333334
636,2017-04-26,1.0229093333333334
637,2017-04-27,1.0263203333333333
638,2017-04-28,1.095491
639,2017-04-29,1.1185996666666667
640,2017-04-30,1.0979916666666665
641,2017-05-01,1.105419
642,2017-05-02,1.10311
643,2017-05-03,1.1185183333333333
644,2017-05-04,1.1047209999999998
645,2017-05-05,1.1489183333333333
646,2017-05-06,1.1539706666666667
647,2017-05-07,1.1723383333333333
648,2017-05-08,1.1475393333333335
649,2017-05-09,1.21017
650,2017-05-10,1.1888433333333335
651,2017-05-11,1.2151603333333334
652,2017-05-12,1.2460399999999998
653,2017-05-13,1.2193986666666667
654,2017-05-14,1.271125
655,2017-05-15,1.3173323333333335
656,2017-05-16,1.3245126666666667
657,2017-05-17,1.2504816666666667
658,2017-05-18,1.3031516666666667
659,2017-05-19,1.3605226666666665
660,2017-05-20,1.3891646666666668
661,2017-05-21,1.4186796666666668
662,2017-05-22,1.453112
663,2017-05-23,1.4021970000000001
664,2017-05-24,1.447512
665,2017-05-25,1.4547163333333335
666,2017-05-26,1.4644853333333332
667,2017-05-27,1.4948036666666669
668,2017-05-28,1.4807283333333334
669,2017-05-29,1.5939213333333333
670,2017-05-30,1.707557666666667
671,2017-05-31,1.6350930000000001
672,2017-06-01,1.7262776666666666
673,2017-06-02,1.687902
674,2017-06-03,1.7336053333333332
675,2017-06-04,1.7804196666666667
676,2017-06-05,1.8319146666666668
677,2017-06-06,1.8433543333333333
678,2017-06-07,1.9177199999999999
679,2017-06-08,1.925422333333333
680,2017-06-09,1.9445546666666669
681,2017-06-10,2.0340383333333336
682,2017-06-11,2.076836333333333
683,2017-06-12,2.0656163333333333
684,2017-06-13,2.1486403333333333
685,2017-06-14,2.213378666666667
686,2017-06-15,2.2510866666666662
687,2017-06-16,2.2911843333333333
688,2017-06-17,2.3725826666666667
689,2017-06-18,2.423420333333333
690,2017-06-19,2.44806
691,2017-06-20,2.4938376666666664
692,2017-06-21,2.550877333333333
693,2017-06-22,2.5717666666666665
694,2017-06-23,2.517602
695,2017-06-24,2.5889936666666666
696,2017-06-25,2.615611
697,2017-06-26,2.715927
698,2017-06-27,2.7139236666666666
699,2017-06-28,2.796001
700,2017-06-29,2.866017333333333
701,2017-06-30,2.8959263333333336
702,2017-07-01,2.9276583333333335
703,2017-07-02,2.947148
704,2017-07-03,3.0050256666666666
705,2017-07-04,3.117687
706,2017-07-05,3.0106603333333335
707,2017-07-06,3.1065466666666666
708,2017-07-07,3.133354666666667
709,2017-07-08,3.143373
710,2017-07-09,3.1821750000000004
711,2017-07-10,3.1983266666666665
712,2017-07-11,3.2044176666666666
713,2017-07-12,3.119261
714,2017-07-13,3.1365676666666666
715,2017-07-14,3.0091013333333336
716,2017-07-15,3.1390383333333336
717,2017-07-16,3.206552
718,2017-07-17,2.9630733333333334
719,2017-07-18,3.064122333333333
720,2017-07-19,3.2090080000000003
721,2017-07-20,3.3407856666666667
722,2017-07-21,3.3029136666666665
723,2017-07-22,3.299841333333333
724,2017-07-23,3.423637333333333
725,2017-07-24,3.325825
726,2017-07-25,3.522115
727,2017-07-26,3.450822666666667
728,2017-07-27,3.4275303333333333
729,2017-07-28,3.5045846666666667
730,2017-07-29,3.455093
731,2017-07-30,3.5739590000000003
732,2017-07-31,3.668343333333333
733,2017-08-01,3.638124
734,2017-08-02,3.5900493333333334
735,2017-08-03,3.453038
736,2017-08-04,3.617426333333334
737,2017-08-05,3.5564389999999997
738,2017-08-06,3.614996
739,2017-08-07,3.7294400000000003
740,2017-08-08,3.7400423333333332
741,2017-08-09,3.82344
742,2017-08-10,3.7349566666666667
743,2017-08-11,3.7976646666666665
744,2017-08-12,3.8925829999999997
745,2017-08-13,3.8882066666666666
746,2017-08-14,3.945023666666667
747,2017-08-15,4.068887
748,2017-08-16,4.040834
749,2017-08-17,4.1199976666666664
750,2017-08-18,4.116479333333333
751,2017-08-19,4.276285333333333
752,2017-08-20,4.1875333333333336
753,2017-08-21,4.271836333333334
754,2017-08-22,4.259411333333333
755,2017-08-23,4.370300666666666
756,2017-08-24,4.311767333333333
757,2017-08-25,4.237757333333334
758,2017-08-26,4.2672696666666665
759,2017-08-27,4.289854666666667
760,2017-08-28,4.142243000000001
761,2017-08-29,4.472436
762,2017-08-30,4.430971333333333
763,2017-08-31,4.406792666666667
764,2017-09-01,4.403991333333334
765,2017-09-02,4.391137666666666
766,2017-09-03,4.368298
767,2017-09-04,4.478865333333334
768,2017-09-05,4.4454579999999995
769,2017-09-06,4.289486666666666
770,2017-09-07,4.418279
771,2017-09-08,4.628722333333333
772,2017-09-09,4.476497666666667
773,2017-09-10,4.423322
774,2017-09-11,4.377189666666666
775,2017-09-12,4.5825396666666665
776,2017-09-13,4.425191
777,2017-09-14,4.532047333333334
778,2017-09-15,4.6154443333333335
779,2017-09-16,4.554119
780,2017-09-17,4.614901666666667
781,2017-09-18,4.513905
782,2017-09-19,4.587305000000001
783,2017-09-20,4.544663333333333
784,2017-09-21,4.68278
785,2017-09-22,4.592877333333334
786,2017-09-23,4.36527
787,2017-09-24,4.495261999999999
788,2017-09-25,4.240004999999999
789,2017-09-26,4.3966520000000004
790,2017-09-27,4.4740329999999995
791,2017-09-28,4.383636333333333
792,2017-09-29,4.244498
793,2017-09-30,4.186765666666667
794,2017-10-01,4.404844
795,2017-10-02,4.403908
796,2017-10-03,4.396453666666667
797,2017-10-04,4.497538333333334
798,2017-10-05,4.649167333333334
799,2017-10-06,4.388113
800,2017-10-07,4.347903666666666
801,2017-10-08,4.453191333333333
802,2017-10-09,4.472294
803,2017-10-10,4.520708666666667
804,2017-10-11,4.6749529999999995
805,2017-10-12,4.526989333333334
806,2017-10-13,4.695403333333334
807,2017-10-14,4.433327666666667
808,2017-10-15,4.564085666666667
809,2017-10-16,4.775321666666667
810,2017-10-17,4.821124
811,2017-10-18,4.776475666666666
812,2017-10-19,4.953000666666667
813,2017-10-20,4.921888
814,2017-10-21,4.903095666666666
815,2017-10-22,5.0074119999999995
816,2017-10-23,4.912698
817,2017-10-24,5.107595
818,2017-10-25,4.993742666666666
819,2017-10-26,4.80216
820,2017-10-27,4.9147196666666675
821,2017-10-28,4.999475666666666
822,2017-10-29,4.915943333333334
823,2017-10-30,4.844708
824,2017-10-31,5.020958
825,2017-11-01,4.999957333333334
826,2017-11-02,4.847327666666667
827,2017-11-03,4.7759469999999995
828,2017-11-04,4.695829
829,2017-11-05,4.909825666666666
830,2017-11-06,4.8042023333333335
831,2017-11-07,4.779833666666666
832,2017-11-08,4.8916596666666665
833,2017-11-09,4.87341
834,2017-11-10,4.855626333333333
835,2017-11-11,4.827420333333333
836,2017-11-12,4.975218666666667
837,2017-11-13,4.964943666666667
838,2017-11-14,4.876664666666667
839,2017-11-15,4.837651999999999
840,2017-11-16,4.704602333333333
841,2017-11-17,4.735329
842,2017-11-18,4.636029
843,2017-11-19,4.7159233333333335
844,2017-11-20,5.001229333333334
845,2017-11-21,4.931855666666666
846,2017-11-22,4.938546666666667
847,2017-11-23,5.070218333333333
848,2017-11-24,5.191620666666666
849,2017-11-25,5.174834
850,2017-11-26,5.153002666666667
851,2017-11-27,5.132524
852,2017-11-28,4.995133
853,2017-11-29,5.060301333333333
854,2017-11-30,5.152580666666666
855,2017-12-01,5.176409
856,2017-12-02,5.1659223333333335
857,2017-12-03,5.065112333333333
858,2017-12-04,5.195028333333333
859,2017-12-05,5.1331533333333335
860,2017-12-06,5.250486666666667
861,2017-12-07,5.246917666666667
862,2017-12-08,5.25002
863,2017-12-09,5.280706333333334
864,2017-12-10,5.219684333333333
865,2017-12-11,5.2585033333333335
866,2017-12-12,5.300171
867,2017-12-13,5.500818333333332
868,2017-12-14,5.633652666666667
869,2017-12-15,5.888279666666667
870,2017-12-16,5.748681
871,2017-12-17,5.790678666666667
872,2017-12-18,6.022611
873,2017-12-19,5.850501333333334
874,2017-12-20,5.812814
875,2017-12-21,5.837760666666667
876,2017-12-22,5.811270333333333
877,2017-12-23,6.084643333333333
878,2017-12-24,6.057974999999999
879,2017-12-25,6.088498
880,2017-12-26,6.127138333333334
881,2017-12-27,6.228396666666666
882,2017-12-28,6.307542000000001
883,2017-12-29,6.174242666666667
884,2017-12-30,6.243982666666667
885,2017-12-31,6.319578666666666
886,2018-01-01,6.441138333333334
887,2018-01-02,6.4237910000000005
888,2018-01-03,6.327579333333333
889,2018-01-04,6.516239666666667
890,2018-01-05,6.619422333333333
891,2018-01-06,6.560383000000001
892,2018-01-07,6.75255
893,2018-01-08,6.775626333333334
894,2018-01-09,6.836680333333334
895,2018-01-10,6.995455
896,2018-01-11,7.277733333333333
897,2018-01-12,7.2934399999999995
898,2018-01-13,7.280022
899,2018-01-14,7.462242
900,2018-01-15,7.296415333333333
901,2018-01-16,7.567366333333333
902,2018-01-17,7.647261666666666
903,2018-01-18,7.673792999999999
904,2018-01-19,7.614909333333333
905,2018-01-20,7.9402099999999995
906,2018-01-21,7.698581666666667
907,2018-01-22,7.959711333333334
908,2018-01-23,7.914611333333333
909,2018-01-24,8.091678666666667
910,2018-01-25,8.139048
911,2018-01-26,8.137110333333334
912,2018-01-27,8.06434
913,2018-01-28,8.124146666666666
914,2018-01-29,8.467646333333333
915,2018-01-30,8.325145666666666
916,2018-01-31,8.580149666666667
917,2018-02-01,8.803668333333333
918,2018-02-02,8.858682
919,2018-02-03,8.839437333333334
920,2018-02-04,8.829925333333334
921,2018-02-05,9.054430000000002
922,2018-02-06,8.966983999999998
923,2018-02-07,9.269795
924,2018-02-08,9.075077
925,2018-02-09,9.181563666666667
926,2018-02-10,9.336333333333334
927,2018-02-11,9.307174
928,2018-02-12,9.509544666666665
929,2018-02-13,9.580174
930,2018-02-14,9.407540666666668
931,2018-02-15,9.419510666666667
932,2018-02-16,9.625578666666666
933,2018-02-17,9.669311
934,2018-02-18,9.577480333333334
935,2018-02-19,9.578594666666667
936,2018-02-20,9.473435666666667
937,2018-02-21,9.535976
938,2018-02-22,9.571753333333334
939,2018-02-23,9.626421333333333
940,2018-02-24,9.612324333333333
941,2018-02-25,9.773506333333332
942,2018-02-26,9.672755333333333
943,2018-02-27,9.461615666666667
944,2018-02-28,9.832672333333333
945,2018-03-01,9.858994666666666
946,2018-03-02,9.897912999999999
947,2018-03-03,10.226536999999999
948,2018-03-04,9.851196333333332
949,2018-03-05,9.812748333333333
950,2018-03-06,9.904592333333333
951,2018-03-07,10.185648333333333
952,2018-03-08,10.149812333333333
953,2018-03-09,9.866052666666667
954,2018-03-10,9.989032
955,2018-03-11,9.966679333333333
956,2018-03-12,9.979301
957,2018-03-13,9.964696333333334
958,2018-03-14,9.879797000000002
959,2018-03-15,9.885847
960,2018-03-16,10.295472333333334
961,2018-03-17,10.338604333333334
962,2018-03-18,10.218638333333333
963,2018-03-19,10.279533333333333
964,2018-03-20,10.169314666666667
965,2018-03-21,10.093478
966,2018-03-22,10.052526666666667
967,2018-03-23,10.219745666666666
968,2018-03-24,10.025060000000002
969,2018-03-25,10.054808333333334
970,2018-03-26,10.286026
971,2018-03-27,10.111681666666668
972,2018-03-28,10.082943333333333
973,2018-03-29,9.904669333333333
974,2018-03-30,10.124388666666666
975,2018-03-31,9.960930333333334
976,2018-04-01,9.908979333333333
977,2018-04-02,9.900578000000001
978,2018-04-03,9.778352666666665
979,2018-04-04,9.747313
980,2018-04-05,9.865055333333332
981,2018-04-06,10.170983
982,2018-04-07,9.938964
983,2018-04-08,9.913974333333334
984,2018-04-09,9.599564666666668
985,2018-04-10,9.841028333333332
986,2018-04-11,9.717171
987,2018-04-12,9.603573333333335
988,2018-04-13,9.754542333333333
989,2018-04-14,9.735041666666667
990,2018-04-15,9.746572333333333
991,2018-04-16,9.746598333333333
992,2018-04-17,9.679899
993,2018-04-18,9.423665
994,2018-04-19,9.702542666666666
995,2018-04-20,9.480338666666666
996,2018-04-21,9.817637333333334
997,2018-04-22,9.696459666666668
998,2018-04-23,9.821707666666667
999,2018-04-24,9.722930999999999
1000,2018-04-25,9.780883000000001
1001,2018-04-26,10.174947000000001
1002,2018-04-27,9.843024333333332
1003,2018-04-28,9.66017
1004,2018-04-29,10.103683
1005,2018-04-30,10.075827666666667
1006,2018-05-01,9.793774333333333
1007,2018-05-02,10.183801333333333
1008,2018-05-03,10.515107666666665
1009,2018-05-04,10.675032333333334
1010,2018-05-05,10.754634000000001
1011,2018-05-06,10.855131
1012,2018-05-07,11.044226
1013,2018-05-08,10.943399999999999
1014,2018-05-09,10.692268333333333
1015,2018-05-10,10.720131333333333
1016,2018-05-11,10.874098666666669
1017,2018-05-12,11.121929666666666
1018,2018-05-13,11.038244
1019,2018-05-14,10.851018666666667
1020,2018-05-15,10.651103333333333
1021,2018-05-16,10.579817666666667
1022,2018-05-17,10.588645
1023,2018-05-18,10.525419
1024,2018-05-19,10.902808666666667
1025,2018-05-20,10.835007
1026,2018-05-21,11.006683333333333
1027,2018-05-22,10.757155333333332
1028,2018-05-23,10.902218
1029,2018-05-24,10.467519666666666
1030,2018-05-25,10.496844
1031,2018-05-26,10.680453
1032,2018-05-27,10.344391666666667
1033,2018-05-28,10.586240333333334
1034,2018-05-29,10.511339666666666
1035,2018-05-30,10.482851666666667
1036,2018-05-31,10.642211999999999
1037,2018-06-01,10.220994
1038,2018-06-02,10.595832999999999
1039,2018-06-03,10.405523
1040,2018-06-04,10.436507666666666
1041,2018-06-05,10.479654000000002
1042,2018-06-06,10.331937333333334
1043,2018-06-07,10.487959333333334
1044,2018-06-08,10.558759
1045,2018-06-09,10.983407666666666
1046,2018-06-10,10.597209666666666
1047,2018-06-11,10.822240666666666
1048,2018-06-12,11.008308666666666
1049,2018-06-13,10.609684
1050,2018-06-14,10.474431000000001
1051,2018-06-15,10.383518666666665
1052,2018-06-16,10.652124666666667
1053,2018-06-17,10.560282
1054,2018-06-18,10.867837000000002
1055,2018-06-19,11.019612
1056,2018-06-20,11.037987333333334
1057,2018-06-21,11.049254333333332
1058,2018-06-22,11.110018333333334
1059,2018-06-23,10.861643333333333
1060,2018-06-24,10.954017333333333
1061,2018-06-25,11.091273333333334
1062,2018-06-26,10.968209666666667
1063,2018-06-27,11.285911
1064,2018-06-28,10.914229999999998
1065,2018-06-29,10.744115
1066,2018-06-30,11.144454000000001
1067,2018-07-01,10.683983
1068,2018-07-02,10.780077
1069,2018-07-03,11.025061666666666
1070,2018-07-04,10.905353666666665
1071,2018-07-05,11.217492
1072,2018-07-06,11.131040333333333
1073,2018-07-07,11.256620666666668
1074,2018-07-08,11.146985
1075,2018-07-09,11.312513333333333
1076,2018-07-10,11.165681666666666
1077,2018-07-11,10.810579666666667
1078,2018-07-12,10.919969666666667
1079,2018-07-13,10.704695999999998
1080,2018-07-14,10.789542333333335
1081,2018-07-15,10.782471000000001
1082,2018-07-16,10.91308
1083,2018-07-17,11.03371
1084,2018-07-18,10.933757333333332
1085,2018-07-19,10.833825
1086,2018-07-20,10.513172333333335
1087,2018-07-21,10.200235000000001
1088,2018-07-22,10.700342666666666
1089,2018-07-23,10.989255333333332
1090,2018-07-24,10.810721999999998
1091,2018-07-25,11.181737333333333
1092,2018-07-26,11.084078333333332
1093,2018-07-27,11.050215
1094,2018-07-28,11.111919666666667
1095,2018-07-29,11.144568999999999
1096,2018-07-30,11.018439666666666
1097,2018-07-31,11.117790333333332
1098,2018-08-01,10.950408333333334
1099,2018-08-02,11.226340333333335
1100,2018-08-03,10.869273
1101,2018-08-04,11.217827999999999
1102,2018-08-05,11.233941999999999
1103,2018-08-06,11.109195
1104,2018-08-07,11.199633333333333
1105,2018-08-08,11.120063666666667
1106,2018-08-09,11.205701
1107,2018-08-10,11.111763000000002
1108,2018-08-11,11.319181666666665
1109,2018-08-12,10.967537333333333
1110,2018-08-13,10.738692333333333
1111,2018-08-14,10.797905333333333
1112,2018-08-15,10.660393
1113,2018-08-16,10.497845666666667
1114,2018-08-17,10.674602333333333
1115,2018-08-18,10.524310666666667
1116,2018-08-19,10.660153333333334
1117,2018-08-20,10.718840333333333
1118,2018-08-21,10.795153333333333
1119,2018-08-22,10.752108
1120,2018-08-23,10.510074000000001
1121,2018-08-24,10.659866
1122,2018-08-25,10.554837333333333
1123,2018-08-26,10.810387666666665
1124,2018-08-27,10.680190666666666
1125,2018-08-28,10.590579
1126,2018-08-29,10.334724666666666
1127,2018-08-30,10.399692666666667
1128,2018-08-31,10.449267666666666
1129,2018-09-01,10.246747666666666
1130,2018-09-02,10.231133
1131,2018-09-03,10.173991333333333
1132,2018-09-04,10.292799333333333
1133,2018-09-05,10.337602
1134,2018-09-06,10.280922
1135,2018-09-07,10.060068
1136,2018-09-08,10.162144
1137,2018-09-09,9.589494333333333
1138,2018-09-10,9.717313
1139,2018-09-11,9.577672999999999
1140,2018-09-12,9.468163666666667
1141,2018-09-13,9.136798
1142,2018-09-14,9.367944333333334
1143,2018-09-15,9.431721
1144,2018-09-16,9.385997666666666
1145,2018-09-17,9.442113666666666
1146,2018-09-18,9.372731666666667
1147,2018-09-19,9.475021
1148,2018-09-20,9.364116666666666
1149,2018-09-21,9.303731
1150,2018-09-22,9.670778333333333
1151,2018-09-23,9.561009333333333
1152,2018-09-24,9.507046333333333
1153,2018-09-25,9.457628999999999
1154,2018-09-26,9.670361999999999
1155,2018-09-27,9.690350666666667
1156,2018-09-28,9.815729
1157,2018-09-29,9.647597
1158,2018-09-30,9.765253333333334
1159,2018-10-01,9.585746333333333
1160,2018-10-02,9.62926
1161,2018-10-03,9.523056666666667
1162,2018-10-04,9.752584333333333
1163,2018-10-05,9.549991666666667
1164,2018-10-06,9.616344666666667
1165,2018-10-07,9.679585666666668
1166,2018-10-08,9.915558666666668
1167,2018-10-09,9.801685
1168,2018-10-10,9.842117333333334
1169,2018-10-11,9.648545
1170,2018-10-12,9.53617
1171,2018-10-13,9.453906666666667
1172,2018-10-14,9.558612333333333
1173,2018-10-15,9.567738666666667
1174,2018-10-16,9.548303333333333
1175,2018-10-17,9.451791333333334
1176,2018-10-18,9.584928
1177,2018-10-19,9.463313333333334
1178,2018-10-20,9.358952333333333
1179,2018-10-21,9.173673333333333
1180,2018-10-22,9.150553333333335
1181,2018-10-23,9.345918
1182,2018-10-24,9.283933333333334
1183,2018-10-25,9.200206333333334
1184,2018-10-26,9.073464333333334
1185,2018-10-27,9.182479333333333
1186,2018-10-28,9.077758000000001
1187,2018-10-29,9.045796333333334
1188,2018-10-30,9.048945333333334
1189,2018-10-31,9.283484666666666
1190,2018-11-01,8.984955999999999
1191,2018-11-02,8.662330666666668
1192,2018-11-03,8.720376333333332
1193,2018-11-04,8.893812333333333
1194,2018-11-05,8.828086333333333
1195,2018-11-06,8.890959666666667
1196,2018-11-07,8.865794666666668
1197,2018-11-08,8.998884666666667
1198,2018-11-09,8.683915999999998
1199,2018-11-10,8.787477
1200,2018-11-11,8.9115
1201,2018-11-12,8.720776
1202,2018-11-13,8.849418
1203,2018-11-14,8.848459333333333
1204,2018-11-15,8.723628333333332
1205,2018-11-16,8.911928333333334
1206,2018-11-17,8.554941333333334
1207,2018-11-18,8.633857666666666
1208,2018-11-19,8.385833333333332
1209,2018-11-20,8.298693333333334
1210,2018-11-21,7.960594
1211,2018-11-22,7.7002923333333335
1212,2018-11-23,7.867548666666667
1213,2018-11-24,7.698035
1214,2018-11-25,7.606206
1215,2018-11-26,7.498384333333334
1216,2018-11-27,6.867680333333333
1217,2018-11-28,6.485135
1218,2018-11-29,6.652386
1219,2018-11-30,6.665836
1220,2018-12-01,6.730416666666667
1221,2018-12-02,6.454067666666667
1222,2018-12-03,6.462342333333333
1223,2018-12-04,6.518803666666666
1224,2018-12-05,6.3758799999999995
1225,2018-12-06,6.478233
1226,2018-12-07,6.111480666666666
1227,2018-12-08,6.027576333333333
1228,2018-12-09,5.930951333333333
1229,2018-12-10,6.211889333333333
1230,2018-12-11,6.0183159999999996
1231,2018-12-12,5.905703666666667
1232,2018-12-13,5.826586
1233,2018-12-14,5.654688333333333
1234,2018-12-15,5.764817999999999
1235,2018-12-16,5.6643463333333335
1236,2018-12-17,5.545570333333333
1237,2018-12-18,5.506588333333333
1238,2018-12-19,5.495642
1239,2018-12-20,5.530605666666667
1240,2018-12-21,5.595194
1241,2018-12-22,5.601237333333333
1242,2018-12-23,5.674230333333334
1243,2018-12-24,5.999635333333333
1244,2018-12-25,6.231448
1245,2018-12-26,6.426228333333333
1246,2018-12-27,6.312557000000001
1247,2018-12-28,6.149952333333334
1248,2018-12-29,6.258903666666666
1249,2018-12-30,6.233669
1250,2018-12-31,6.2686296666666665
1251,2019-01-01,5.919208
1252,2019-01-02,6.135036666666667
1253,2019-01-03,6.126771333333333
1254,2019-01-04,6.1405069999999995
1255,2019-01-05,6.297338
1256,2019-01-06,6.377408666666667
1257,2019-01-07,6.429822333333333
1258,2019-01-08,6.2572686666666675
1259,2019-01-09,6.393975
1260,2019-01-10,6.294337666666666
1261,2019-01-11,6.326215333333334
1262,2019-01-12,6.0898623333333335
1263,2019-01-13,6.247492333333334
1264,2019-01-14,6.287866
1265,2019-01-15,6.368848333333333
1266,2019-01-16,6.005185333333333
1267,2019-01-17,5.953928
1268,2019-01-18,5.972020333333333
1269,2019-01-19,6.174842333333333
1270,2019-01-20,6.275190333333334
1271,2019-01-21,6.028638333333333
1272,2019-01-22,6.083932
1273,2019-01-23,5.663177666666667
1274,2019-01-24,5.906537
1275,2019-01-25,5.844817
1276,2019-01-26,5.727869666666667
1277,2019-01-27,5.507741333333333
1278,2019-01-28,4.9286183333333335
1279,2019-01-29,4.713837000000001
1280,2019-01-30,4.6749426666666665
1281,2019-01-31,4.843238333333333
1282,2019-02-01,4.574076333333333
1283,2019-02-02,4.578766
1284,2019-02-03,4.465048
1285,2019-02-04,4.492276666666666
1286,2019-02-05,4.568002
1287,2019-02-06,4.389062666666667
1288,2019-02-07,4.440643000000001
1289,2019-02-08,4.547793333333334
1290,2019-02-09,4.5591919999999995
1291,2019-02-10,4.6277626666666665
1292,2019-02-11,4.533802666666666
1293,2019-02-12,4.691507666666666
1294,2019-02-13,4.579885
1295,2019-02-14,4.492705333333333
1296,2019-02-15,4.4678363333333335
1297,2019-02-16,4.625247333333333
1298,2019-02-17,4.5152193333333335
1299,2019-02-18,4.657090666666667
1300,2019-02-19,5.039148333333333
1301,2019-02-20,5.039205
1302,2019-02-21,4.909548666666667
1303,2019-02-22,4.8809700000000005
1304,2019-02-23,5.242675666666667
1305,2019-02-24,5.096666333333333
1306,2019-02-25,5.067606333333333
1307,2019-02-26,5.127822000000001
1308,2019-02-27,5.060148333333333
1309,2019-02-28,5.188807999999999
1310,2019-03-01,5.006430333333333
1311,2019-03-02,5.062299
1312,2019-03-03,4.914931
1313,2019-03-04,4.883295333333333
1314,2019-03-05,5.0019306666666665
1315,2019-03-06,4.9708293333333335
1316,2019-03-07,4.972936999999999
1317,2019-03-08,5.038898666666666
1318,2019-03-09,4.871218666666667
1319,2019-03-10,4.971647666666667
1320,2019-03-11,4.816299333333333
1321,2019-03-12,4.797348666666667
1322,2019-03-13,4.766817
1323,2019-03-14,4.787601666666666
1324,2019-03-15,4.797921333333334
1325,2019-03-16,4.92472
1326,2019-03-17,4.8735
1327,2019-03-18,4.801201
1328,2019-03-19,4.677478666666667
1329,2019-03-20,4.885888666666666
1330,2019-03-21,4.826753
1331,2019-03-22,4.786254
1332,2019-03-23,4.8275049999999995
1333,2019-03-24,4.836841333333333
1334,2019-03-25,4.801123666666666
1335,2019-03-26,4.602638
1336,2019-03-27,4.630814333333333
1337,2019-03-28,4.603674333333333
1338,2019-03-29,4.602587333333333
1339,2019-03-30,4.365389666666666
1340,2019-03-31,4.466944333333333
1341,2019-04-01,4.681306666666667
1342,2019-04-02,4.647374
1343,2019-04-03,4.595506
1344,2019-04-04,4.735278
1345,2019-04-05,4.730594
1346,2019-04-06,4.7862013333333335
1347,2019-04-07,4.730971
1348,2019-04-08,4.7517396666666665
1349,2019-04-09,4.801939666666667
1350,2019-04-10,4.8855173333333335
1351,2019-04-11,4.875399333333333
1352,2019-04-12,4.850562333333333
1353,2019-04-13,4.896957
1354,2019-04-14,5.028256333333333
1355,2019-04-15,5.025994
1356,2019-04-16,4.925907666666666
1357,2019-04-17,4.809937333333333
1358,2019-04-18,4.78706
1359,2019-04-19,4.911224666666667
1360,2019-04-20,4.788008666666666
1361,2019-04-21,4.9228103333333335
1362,2019-04-22,4.915307333333334
1363,2019-04-23,4.885446666666667
1364,2019-04-24,4.720499
1365,2019-04-25,4.780663333333333
1366,2019-04-26,4.8376323333333335
1367,2019-04-27,4.950620333333333
1368,2019-04-28,4.863090666666667
1369,2019-04-29,4.964223
1370,2019-04-30,5.089137999999999
1371,2019-05-01,5.028004666666667
1372,2019-05-02,5.005966666666667
1373,2019-05-03,4.9238
1374,2019-05-04,5.111918666666667
1375,2019-05-05,5.112766000000001
1376,2019-05-06,4.937738
1377,2019-05-07,5.01761
1378,2019-05-08,4.948285666666666
1379,2019-05-09,5.016093000000001
1380,2019-05-10,4.994557666666666
1381,2019-05-11,5.0306880000000005
1382,2019-05-12,5.166564
1383,2019-05-13,5.042029333333333
1384,2019-05-14,5.169115333333333
1385,2019-05-15,5.296567333333333
1386,2019-05-16,5.200768333333333
1387,2019-05-17,5.555124
1388,2019-05-18,5.539079999999999
1389,2019-05-19,5.440185
1390,2019-05-20,5.394883
1391,2019-05-21,5.268980666666667
1392,2019-05-22,5.364871000000001
1393,2019-05-23,5.181987666666667
1394,2019-05-24,5.062268333333333
1395,2019-05-25,5.122610666666667
1396,2019-05-26,5.163436
1397,2019-05-27,5.2797480000000006
1398,2019-05-28,5.115973333333334
1399,2019-05-29,5.503772333333334
1400,2019-05-30,5.383134000000001
1401,2019-05-31,5.368018999999999
1402,2019-06-01,5.419270666666667
1403,2019-06-02,5.439251
1404,2019-06-03,5.174771666666667
1405,2019-06-04,5.220856
1406,2019-06-05,5.126433333333334
1407,2019-06-06,5.399529666666666
1408,2019-06-07,5.348204666666667
1409,2019-06-08,5.233045333333333
1410,2019-06-09,5.091778000000001
1411,2019-06-10,5.242427
1412,2019-06-11,5.0759653333333326
1413,2019-06-12,5.116349333333333
1414,2019-06-13,5.031141666666667
1415,2019-06-14,5.115207000000001
1416,2019-06-15,5.052993333333333
1417,2019-06-16,5.103974666666667
1418,2019-06-17,5.1526570000000005
1419,2019-06-18,5.070626
1420,2019-06-19,5.168035333333333
1421,2019-06-20,5.151271666666666
1422,2019-06-21,5.063698333333334
1423,2019-06-22,5.0737076666666665
1424,2019-06-23,5.121368333333334
1425,2019-06-24,5.252822666666667
1426,2019-06-25,5.329766333333333
1427,2019-06-26,5.586719333333334
1428,2019-06-27,5.51334
1429,2019-06-28,5.405687666666666
1430,2019-06-29,5.592199333333333
1431,2019-06-30,5.559440666666667
1432,2019-07-01,5.532743333333333
1433,2019-07-02,5.578153
1434,2019-07-03,5.459007666666667
1435,2019-07-04,5.379823333333333
1436,2019-07-05,5.400353666666667
1437,2019-07-06,5.540362666666667
1438,2019-07-07,5.439757666666666
1439,2019-07-08,5.410024333333333
1440,2019-07-09,5.542078
1441,2019-07-10,5.525167666666667
1442,2019-07-11,5.654804666666667
1443,2019-07-12,5.579584333333333
1444,2019-07-13,5.634373
1445,2019-07-14,5.712268999999999
1446,2019-07-15,5.696185
1447,2019-07-16,5.510402333333334
1448,2019-07-17,5.662031
1449,2019-07-18,5.689502
1450,2019-07-19,5.514570333333334
1451,2019-07-20,5.640834333333333
1452,2019-07-21,5.422362333333333
1453,2019-07-22,5.465273
1454,2019-07-23,5.481927333333334
1455,2019-07-24,5.626229333333334
1456,2019-07-25,5.536936999999999
1457,2019-07-26,5.530335666666667
1458,2019-07-27,5.670252666666666
1459,2019-07-28,5.558518333333333
1460,2019-07-29,5.551044333333333
1461,2019-07-30,5.6994283333333335
1462,2019-07-31,5.472260666666666
1463,2019-08-01,5.423409333333333
1464,2019-08-02,5.537572333333333
1465,2019-08-03,5.6306166666666675
1466,2019-08-04,5.706041333333334
1467,2019-08-05,5.708118666666667
1468,2019-08-06,5.709267999999999
1469,2019-08-07,5.812578333333334
1470,2019-08-08,5.771451
1471,2019-08-09,5.753350666666667
1472,2019-08-10,5.841928
1473,2019-08-11,5.776386
1474,2019-08-12,5.831584333333335
1475,2019-08-13,5.764675666666666
1476,2019-08-14,5.737781666666667
1477,2019-08-15,5.719932333333333
1478,2019-08-16,5.8046756666666655
1479,2019-08-17,5.930214666666667
1480,2019-08-18,5.619761999999999
1481,2019-08-19,5.704570333333334
1482,2019-08-20,5.616027333333332
1483,2019-08-21,5.563542666666667
1484,2019-08-22,5.389109666666666
1485,2019-08-23,5.597924333333332
1486,2019-08-24,5.384525
1487,2019-08-25,5.530691
1488,2019-08-26,5.5484073333333335
1489,2019-08-27,5.353931333333333
1490,2019-08-28,5.485744333333334
1491,2019-08-29,5.677025
1492,2019-08-30,5.679549000000001
1493,2019-08-31,5.600582
1494,2019-09-01,5.513837333333334
1495,2019-09-02,5.649299
1496,2019-09-03,5.650379666666666
1497,2019-09-04,5.582575000000001
1498,2019-09-05,5.616774333333333
1499,2019-09-06,5.429819999999999
1500,2019-09-07,5.712397666666667
1501,2019-09-08,5.6913496666666665
1502,2019-09-09,5.581350666666666
1503,2019-09-10,5.590429666666666
1504,2019-09-11,5.661073333333334
1505,2019-09-12,5.902344333333333
1506,2019-09-13,5.714561
1507,2019-09-14,5.87784
1508,2019-09-15,5.827387666666667
1509,2019-09-16,5.9673843333333325
1510,2019-09-17,6.083716666666667
1511,2019-09-18,6.232562333333334
1512,2019-09-19,6.0438909999999995
1513,2019-09-20,6.134939666666667
1514,2019-09-21,6.288602333333333
1515,2019-09-22,6.081736
1516,2019-09-23,6.319291
1517,2019-09-24,6.020432666666667
1518,2019-09-25,6.207437333333334
1519,2019-09-26,6.245701666666666
1520,2019-09-27,6.173335333333334
1521,2019-09-28,6.189677
1522,2019-09-29,6.131346
1523,2019-09-30,6.071747666666667
1524,2019-10-01,6.116100666666667
1525,2019-10-02,5.824575666666667
1526,2019-10-03,5.871645
1527,2019-10-04,5.918328666666667
1528,2019-10-05,5.962050666666667
1529,2019-10-06,5.912653333333334
1530,2019-10-07,5.884577666666666
1531,2019-10-08,5.814526000000001
1532,2019-10-09,5.799841000000001
1533,2019-10-10,5.885073666666666
1534,2019-10-11,6.040958333333333
1535,2019-10-12,5.8047363333333335
1536,2019-10-13,6.009453999999999
1537,2019-10-14,5.850519666666666
1538,2019-10-15,6.245976333333334
1539,2019-10-16,6.0914823333333326
1540,2019-10-17,6.025202
1541,2019-10-18,5.824610333333333
1542,2019-10-19,5.980279
1543,2019-10-20,6.02224
1544,2019-10-21,5.754026333333333
1545,2019-10-22,5.829213333333333
1546,2019-10-23,6.003136333333333
1547,2019-10-24,5.8396609999999995
1548,2019-10-25,5.663607666666667
1549,2019-10-26,5.760369
1550,2019-10-27,5.674632666666667
1551,2019-10-28,5.679163666666667
1552,2019-10-29,5.725936333333333
1553,2019-10-30,5.806445
1554,2019-10-31,5.790104666666667
1555,2019-11-01,5.887886999999999
1556,2019-11-02,5.8555850000000005
1557,2019-11-03,5.741888
1558,2019-11-04,5.636808666666667
1559,2019-11-05,5.653361333333334
1560,2019-11-06,5.719086
1561,2019-11-07,5.770905333333334
1562,2019-11-08,5.687798
1563,2019-11-09,5.627457333333333
1564,2019-11-10,5.685887
1565,2019-11-11,5.649334
1566,2019-11-12,5.696703666666667
1567,2019-11-13,5.772553666666667
1568,2019-11-14,5.661738666666667
1569,2019-11-15,5.6477363333333335
1570,2019-11-16,5.572372333333334
1571,2019-11-17,5.749626666666667
1572,2019-11-18,5.706231333333332
1573,2019-11-19,5.343359666666667
1574,2019-11-20,5.304969333333333
1575,2019-11-21,5.615500999999999
1576,2019-11-22,5.446976666666667
1577,2019-11-23,5.551288333333333
1578,2019-11-24,5.526835666666667
1579,2019-11-25,5.64246
1580,2019-11-26,5.233195666666666
1581,2019-11-27,5.354245
1582,2019-11-28,5.390072666666666
1583,2019-11-29,5.3251376666666665
1584,2019-11-30,5.373871
1585,2019-12-01,5.258716333333333
1586,2019-12-02,5.390017333333333
1587,2019-12-03,5.463944333333333
1588,2019-12-04,5.319987666666667
1589,2019-12-05,5.223816666666667
1590,2019-12-06,5.169227666666666
1591,2019-12-07,5.455067666666667
1592,2019-12-08,5.223995666666666
1593,2019-12-09,5.258852666666667
1594,2019-12-10,5.396059666666666
1595,2019-12-11,5.2125173333333334
1596,2019-12-12,5.310056333333333
1597,2019-12-13,5.278535
1598,2019-12-14,5.280190666666667
1599,2019-12-15,5.226648333333333
1600,2019-12-16,5.191522666666667
1601,2019-12-17,4.935303666666667
1602,2019-12-18,4.753952
1603,2019-12-19,4.674989
1604,2019-12-20,4.4846189999999995
1605,2019-12-21,4.617760333333334
1606,2019-12-22,4.550629666666667
1607,2019-12-23,4.535131666666667
1608,2019-12-24,4.54699
1609,2019-12-25,4.437347666666667
1610,2019-12-26,4.423244666666666
1611,2019-12-27,4.501808333333333
1612,2019-12-28,4.5498579999999995
1613,2019-12-29,4.579586
1614,2019-12-30,4.61649
1615,2019-12-31,4.538684
1616,2020-01-01,4.377947
1617,2020-01-02,4.563053
1618,2020-01-03,4.715878666666667
1619,2020-01-04,4.986747666666666
1620,2020-01-05,4.806081666666667
1621,2020-01-06,4.888931666666667
1622,2020-01-07,4.946881
1623,2020-01-08,4.777160666666666
1624,2020-01-09,4.714237333333333
1625,2020-01-10,4.912947333333333
1626,2020-01-11,4.9213743333333335
1627,2020-01-12,4.895895666666667
1628,2020-01-13,4.867688333333334
1629,2020-01-14,4.916529333333333
1630,2020-01-15,4.949235666666667
1631,2020-01-16,4.931918666666667
1632,2020-01-17,4.992809666666667
1633,2020-01-18,4.8409249999999995
1634,2020-01-19,4.9068906666666665
1635,2020-01-20,4.919121666666666
1636,2020-01-21,4.958609333333333
1637,2020-01-22,4.902950333333333
1638,2020-01-23,4.953122
1639,2020-01-24,4.985485333333333
1640,2020-01-25,4.914324333333333
1641,2020-01-26,4.89171
1642,2020-01-27,4.925988333333333
1643,2020-01-28,4.783365333333333
1644,2020-01-29,4.936066
1645,2020-01-30,4.828662333333333
1646,2020-01-31,4.8598099999999995
1647,2020-02-01,4.798988333333333
1648,2020-02-02,4.943108666666666
1649,2020-02-03,4.898658999999999
1650,2020-02-04,4.9769483333333335
1651,2020-02-05,4.924453333333333
1652,2020-02-06,4.906763000000001
1653,2020-02-07,4.928626666666666
1654,2020-02-08,4.995444666666667
1655,2020-02-09,4.898727
1656,2020-02-10,4.9820036666666665
1657,2020-02-11,5.07498
1658,2020-02-12,5.077956666666666
1659,2020-02-13,5.1117230000000005
1660,2020-02-14,5.156199333333333
1661,2020-02-15,5.145825333333334
1662,2020-02-16,5.217673333333333
1663,2020-02-17,5.1477086666666665
1664,2020-02-18,5.177171333333333
1665,2020-02-19,5.420609333333332
1666,2020-02-20,5.269203999999999
1667,2020-02-21,5.197598333333333
1668,2020-02-22,5.269696666666667
1669,2020-02-23,5.262461666666667
1670,2020-02-24,5.339187333333334
1671,2020-02-25,5.1522776666666665
1672,2020-02-26,5.265338000000001
1673,2020-02-27,5.428192333333334
1674,2020-02-28,5.266240333333333
1675,2020-02-29,5.251425666666667
1676,2020-03-01,5.186339666666666
1677,2020-03-02,5.210055333333333
1678,2020-03-03,5.269937
1679,2020-03-04,5.318708333333333
1680,2020-03-05,5.271303666666667
1681,2020-03-06,5.153754999999999
1682,2020-03-07,5.232417333333333
1683,2020-03-08,5.379937000000001
1684,2020-03-09,5.233029
1685,2020-03-10,5.281126333333334
1686,2020-03-11,5.191346666666667
1687,2020-03-12,5.279077
1688,2020-03-13,5.065312666666666
1689,2020-03-14,5.0147710000000005
1690,2020-03-15,5.059085666666667
1691,2020-03-16,5.088883999999999
1692,2020-03-17,4.9169046666666665
1693,2020-03-18,5.056978
1694,2020-03-19,5.120422333333333
1695,2020-03-20,5.023638666666667
1696,2020-03-21,5.152314333333334
1697,2020-03-22,4.92082
1698,2020-03-23,5.041131666666667
1699,2020-03-24,5.144098666666667
1700,2020-03-25,5.013201666666667
1701,2020-03-26,5.058605333333333
1702,2020-03-27,5.095377333333333
1703,2020-03-28,5.119284666666666
1704,2020-03-29,5.1831146666666665
1705,2020-03-30,5.1551773333333335
1706,2020-03-31,5.044981333333333
1707,2020-04-01,5.06776
1708,2020-04-02,5.145000666666667
1709,2020-04-03,5.087389666666667
1710,2020-04-04,5.008728666666666
1711,2020-04-05,5.072383666666666
1712,2020-04-06,4.838301
1713,2020-04-07,5.070350333333334
1714,2020-04-08,5.039848666666667
1715,2020-04-09,5.063661333333333
1716,2020-04-10,5.211741666666667
1717,2020-04-11,4.964549
1718,2020-04-12,5.1232809999999995
1719,2020-04-13,5.080806
1720,2020-04-14,5.222117999999999
1721,2020-04-15,5.201706333333333
1722,2020-04-16,5.205487
1723,2020-04-17,5.073332333333334
1724,2020-04-18,5.175649666666666
1725,2020-04-19,5.019582333333333
1726,2020-04-20,4.988721666666667
1727,2020-04-21,5.080588
1728,2020-04-22,5.066700333333333
1729,2020-04-23,5.176468
1730,2020-04-24,4.987990333333333
1731,2020-04-25,5.029415333333334
1732,2020-04-26,5.094383666666666
1733,2020-04-27,4.923763999999999
1734,2020-04-28,4.899505333333333
1735,2020-04-29,5.11756
1736,2020-04-30,5.186876666666667
1737,2020-05-01,5.386833333333333
1738,2020-05-02,5.335855333333334
1739,2020-05-03,5.168088666666667
1740,2020-05-04,5.389163333333333
1741,2020-05-05,5.348896333333333
1742,2020-05-06,5.209329
1743,2020-05-07,5.088309
1744,2020-05-08,5.227797333333333
1745,2020-05-09,5.136422666666667
1746,2020-05-10,5.120495333333333
1747,2020-05-11,5.139747333333333
1748,2020-05-12,5.115906666666667
1749,2020-05-13,5.10164
1750,2020-05-14,5.197771333333333
1751,2020-05-15,5.283218333333333
1752,2020-05-16,5.111850333333334
1753,2020-05-17,5.277501666666667
1754,2020-05-18,5.039696666666667
1755,2020-05-19,4.977351333333334
1756,2020-05-20,5.181864666666667
1757,2020-05-21,5.018255666666667
1758,2020-05-22,4.988735000000001
1759,2020-05-23,5.205461
1760,2020-05-24,5.140833333333333
1761,2020-05-25,5.043892333333333
1762,2020-05-26,5.058867333333333
1763,2020-05-27,5.183072333333333
1764,2020-05-28,5.047017666666666
1765,2020-05-29,5.113292333333334
1766,2020-05-30,5.227000333333334
1767,2020-05-31,5.282806333333333
1768,2020-06-01,5.14554
1769,2020-06-02,5.301004666666667
1770,2020-06-03,5.353539666666666
1771,2020-06-04,5.309140999999999
1772,2020-06-05,5.2575666666666665
1773,2020-06-06,5.252993666666667
1774,2020-06-07,5.324541333333333
1775,2020-06-08,5.226805333333333
1776,2020-06-09,5.213266
1777,2020-06-10,5.086559666666666
1778,2020-06-11,5.141034333333334
1779,2020-06-12,5.224919
1780,2020-06-13,5.157494000000001
1781,2020-06-14,5.182475
1782,2020-06-15,5.213864666666667
1783,2020-06-16,5.298090666666666
1784,2020-06-17,5.100603333333333
1785,2020-06-18,5.210538
1786,2020-06-19,5.297730333333333
1787,2020-06-20,5.3675
1788,2020-06-21,5.354839000000001
1789,2020-06-22,5.220868666666667
1790,2020-06-23,5.2997266666666665
1791,2020-06-24,5.355383
1792,2020-06-25,5.4288799999999995
1793,2020-06-26,5.422083333333333
1794,2020-06-27,5.333083666666667
1795,2020-06-28,5.276487666666667
1796,2020-06-29,5.3542283333333325
1797,2020-06-30,5.3384730000000005
1798,2020-07-01,5.195829333333333
1799,2020-07-02,5.242173333333334
1800,2020-07-03,5.306906333333333
1801,2020-07-04,5.384651000000001
1802,2020-07-05,5.290617
1803,2020-07-06,5.351764666666667
1804,2020-07-07,5.283450666666667
1805,2020-07-08,5.415312
1806,2020-07-09,5.358402333333333
1807,2020-07-10,5.315643333333333
1808,2020-07-11,5.393749
1809,2020-07-12,5.424136333333333
1810,2020-07-13,5.441499
1811,2020-07-14,5.3391416666666665
1812,2020-07-15,5.3590116666666665
1813,2020-07-16,5.339789000000001
1814,2020-07-17,5.211944666666667
1815,2020-07-18,5.358510333333332
1816,2020-07-19,5.368573666666666
1817,2020-07-20,5.246943333333333
1818,2020-07-21,5.039122333333332
1819,2020-07-22,5.024698666666667
1820,2020-07-23,5.304385666666667
1821,2020-07-24,5.4667693333333345
1822,2020-07-25,5.174732333333334
1823,2020-07-26,5.392284666666666
1824,2020-07-27,5.394313
1825,2020-07-28,5.580337
1826,2020-07-29,5.598961333333333
1827,2020-07-30,5.449900666666667
1828,2020-07-31,5.321245333333334
1829,2020-08-01,5.427691333333333
1830,2020-08-02,5.532703000000001
1831,2020-08-03,5.384307333333333
1832,2020-08-04,5.422304666666666
1833,2020-08-05,5.355904333333332
1834,2020-08-06,5.4301379999999995
1835,2020-08-07,5.494545333333334
1836,2020-08-08,5.5787580000000005
1837,2020-08-09,5.706150666666666
1838,2020-08-10,5.634682000000001
1839,2020-08-11,5.521978666666667
1840,2020-08-12,5.617489333333334
1841,2020-08-13,5.592259000000001
1842,2020-08-14,5.788007
1843,2020-08-15,5.874056666666667
1844,2020-08-16,5.711548666666666
1845,2020-08-17,5.4281049999999995
1846,2020-08-18,5.323643666666666
1847,2020-08-19,5.5686133333333325
1848,2020-08-20,5.800909333333333
1849,2020-08-21,5.851279666666667
1850,2020-08-22,5.787168
1851,2020-08-23,5.966579333333333
1852,2020-08-24,5.811969333333333
1853,2020-08-25,5.8467009999999995
1854,2020-08-26,5.924358333333334
1855,2020-08-27,5.836711666666666
1856,2020-08-28,5.94865
1857,2020-08-29,5.820204
1858,2020-08-30,5.881071666666666
1859,2020-08-31,5.908908666666666
1860,2020-09-01,6.162698
1861,2020-09-02,6.107975
1862,2020-09-03,5.941148000000001
1863,2020-09-04,6.263172333333333
1864,2020-09-05,6.285053666666667
1865,2020-09-06,6.507195333333333
1866,2020-09-07,6.538904
1867,2020-09-08,6.423250666666667
1868,2020-09-09,6.403471333333333
1869,2020-09-10,6.265507
1870,2020-09-11,6.441434999999999
1871,2020-09-12,6.618903333333333
1872,2020-09-13,6.565882333333334
1873,2020-09-14,6.540810333333334
1874,2020-09-15,6.598241666666667
1875,2020-09-16,6.41204
1876,2020-09-17,6.746030666666666
1877,2020-09-18,6.499986333333333
1878,2020-09-19,6.625261666666667
1879,2020-09-20,6.769652333333334
1880,2020-09-21,6.8720886666666665
1881,2020-09-22,6.660209333333333
1882,2020-09-23,6.787202333333333
1883,2020-09-24,6.654489333333333
1884,2020-09-25,6.595987666666666
1885,2020-09-26,6.850720666666668
1886,2020-09-27,6.716907333333334
1887,2020-09-28,6.796618333333334
1888,2020-09-29,6.881174000000001
1889,2020-09-30,6.865236
1890,2020-10-01,6.832581
1891,2020-10-02,6.807983666666666
1892,2020-10-03,6.742241333333333
1893,2020-10-04,6.791318
1894,2020-10-05,6.914754666666667
1895,2020-10-06,7.1357696666666675
1896,2020-10-07,7.024601999999999
1897,2020-10-08,6.861422999999999
1898,2020-10-09,6.892704666666667
1899,2020-10-10,7.032229666666666
1900,2020-10-11,6.9299789999999994
1901,2020-10-12,7.0245500000000005
1902,2020-10-13,7.16959
1903,2020-10-14,6.997725666666667
1904,2020-10-15,7.1967403333333335
1905,2020-10-16,7.008715
1906,2020-10-17,7.089426666666667
1907,2020-10-18,6.833278
1908,2020-10-19,7.150455333333333
1909,2020-10-20,7.093746333333333
1910,2020-10-21,7.001514666666666
1911,2020-10-22,7.093893666666666
1912,2020-10-23,7.072557666666666
1913,2020-10-24,7.203569333333333
1914,2020-10-25,7.008118
1915,2020-10-26,6.800309333333334
1916,2020-10-27,6.967918333333333
1917,2020-10-28,7.022069666666667
1918,2020-10-29,7.154668333333333
1919,2020-10-30,6.957586333333334
1920,2020-10-31,6.966371
1921,2020-11-01,7.152235
1922,2020-11-02,6.8546086666666675
1923,2020-11-03,7.002593999999999
1924,2020-11-04,6.9492563333333335
1925,2020-11-05,6.953333666666666
1926,2020-11-06,7.158630666666667
1927,2020-11-07,7.097494333333334
1928,2020-11-08,6.858587
1929,2020-11-09,7.026839
1930,2020-11-10,6.995085666666667
1931,2020-11-11,7.02143
1932,2020-11-12,6.958552999999999
1933,2020-11-13,7.090499333333334
1934,2020-11-14,6.9606053333333335
1935,2020-11-15,7.170309333333333
1936,2020-11-16,6.911360666666667
1937,2020-11-17,7.103088
1938,2020-11-18,6.979233000000001
1939,2020-11-19,7.187194666666667
1940,2020-11-20,7.183322333333333
1941,2020-11-21,7.149778333333334
1942,2020-11-22,7.353791333333334
1943,2020-11-23,7.001632
1944,2020-11-24,7.269292333333333
1945,2020-11-25,7.26132
1946,2020-11-26,7.19958
1947,2020-11-27,7.185622333333334
1948,2020-11-28,7.198821666666667
1949,2020-11-29,7.372803
1950,2020-11-30,7.4182646666666665
1951,2020-12-01,7.435774666666666
1952,2020-12-02,7.100408333333333
1953,2020-12-03,7.443259333333333
1954,2020-12-04,7.284884000000001
1955,2020-12-05,7.312833333333334
1956,2020-12-06,7.422825333333333
1957,2020-12-07,7.312084666666667
1958,2020-12-08,7.336854
1959,2020-12-09,7.396349333333333
1960,2020-12-10,7.365493000000001
1961,2020-12-11,7.189691333333333
1962,2020-12-12,7.293353666666667
1963,2020-12-13,7.424536
1964,2020-12-14,7.133775333333333
1965,2020-12-15,7.178545
1966,2020-12-16,7.3072273333333335
1967,2020-12-17,7.2580409999999995
1968,2020-12-18,7.340093
1969,2020-12-19,7.194212333333333
1970,2020-12-20,7.400958
1971,2020-12-21,7.471440666666666
1972,2020-12-22,7.410454666666666
1973,2020-12-23,7.678452666666666
1974,2020-12-24,7.3528519999999995
1975,2020-12-25,7.236806666666666
1976,2020-12-26,7.4444930000000005
1977,2020-12-27,7.271519666666667
1978,2020-12-28,7.6325563333333335
1979,2020-12-29,7.477647
1980,2020-12-30,7.406110666666667
1981,2020-12-31,7.509759666666667
1982,2021-01-01,7.4795766666666665
1983,2021-01-02,7.830456333333333
1984,2021-01-03,7.800909999999999
1985,2021-01-04,7.7639793333333325
1986,2021-01-05,7.844887
1987,2021-01-06,7.897132666666667
1988,2021-01-07,7.820861
1989,2021-01-08,8.093020333333333
1990,2021-01-09,8.053460666666668
1991,2021-01-10,8.099599333333332
1992,2021-01-11,8.210974666666667
1993,2021-01-12,8.247572666666667
1994,2021-01-13,8.349987
1995,2021-01-14,8.380379666666666
1996,2021-01-15,8.280677333333331
1997,2021-01-16,8.407178333333334
1998,2021-01-17,8.271671
1999,2021-01-18,8.386649
2000,2021-01-19,8.399287666666666
2001,2021-01-20,8.577355666666667
2002,2021-01-21,8.591476333333333
2003,2021-01-22,8.637307333333334
2004,2021-01-23,8.716168000000001
2005,2021-01-24,8.805636333333334
2006,2021-01-25,8.995509666666669
2007,2021-01-26,8.997011666666666
2008,2021-01-27,9.122566
2009,2021-01-28,9.045718333333333
2010,2021-01-29,8.832688333333333
2011,2021-01-30,8.847631333333334
2012,2021-01-31,9.081393
2013,2021-02-01,9.233196000000001
2014,2021-02-02,9.375703333333334
2015,2021-02-03,9.149252666666667
2016,2021-02-04,9.369657666666667
2017,2021-02-05,9.310463
2018,2021-02-06,9.423077333333334
2019,2021-02-07,9.756329000000001
2020,2021-02-08,9.711448666666668
2021,2021-02-09,9.742290333333335
2022,2021-02-10,9.839374666666666
2023,2021-02-11,9.992278
2024,2021-02-12,10.209273000000001
2025,2021-02-13,10.044141000000002
2026,2021-02-14,10.287519666666666
2027,2021-02-15,10.313310666666666
2028,2021-02-16,10.224536666666665
2029,2021-02-17,10.381403
2030,2021-02-18,10.140422333333333
2031,2021-02-19,10.461815666666666
2032,2021-02-20,10.261184333333333
2033,2021-02-21,10.215520666666666
2034,2021-02-22,10.664296333333334
2035,2021-02-23,10.489688999999998
2036,2021-02-24,10.695233333333334
2037,2021-02-25,10.734537666666668
2038,2021-02-26,10.713721
2039,2021-02-27,10.877656333333334
2040,2021-02-28,10.845002666666668
2041,2021-03-01,10.824073333333333
2042,2021-03-02,10.966119666666666
2043,2021-03-03,10.586864333333333
2044,2021-03-04,10.673814666666667
2045,2021-03-05,10.940883333333332
2046,2021-03-06,11.215827666666668
2047,2021-03-07,11.025968666666666
2048,2021-03-08,11.218012000000002
2049,2021-03-09,11.141798666666666
2050,2021-03-10,11.162649
2051,2021-03-11,10.997969666666668
2052,2021-03-12,11.00773
2053,2021-03-13,11.189271333333332
2054,2021-03-14,11.460736333333335
2055,2021-03-15,11.283441666666667
2056,2021-03-16,11.480568333333332
2057,2021-03-17,11.57577
2058,2021-03-18,11.481725333333335
2059,2021-03-19,11.617042333333332
2060,2021-03-20,11.879797333333334
2061,2021-03-21,11.785939333333333
2062,2021-03-22,11.676496
2063,2021-03-23,11.796223333333332
2064,2021-03-24,11.707498666666666
2065,2021-03-25,11.988675333333333
2066,2021-03-26,12.438071666666666
2067,2021-03-27,12.186185666666667
2068,2021-03-28,12.365829
2069,2021-03-29,12.530700000000001
2070,2021-03-30,12.408956333333334
2071,2021-03-31,12.241085
2072,2021-04-01,12.490779000000002
2073,2021-04-02,12.583603333333334
2074,2021-04-03,12.579986333333332
2075,2021-04-04,12.886757333333334
2076,2021-04-05,13.219119666666666
2077,2021-04-06,13.037198333333334
2078,2021-04-07,13.126574666666665
2079,2021-04-08,13.33243
2080,2021-04-09,13.215796666666668
2081,2021-04-10,13.570404333333334
2082,2021-04-11,13.100530999999998
2083,2021-04-12,13.940299333333334
2084,2021-04-13,13.818820666666667
2085,2021-04-14,13.768472666666668
2086,2021-04-15,13.773033333333332
2087,2021-04-16,13.061399666666668
2088,2021-04-17,13.307811000000001
2089,2021-04-18,13.537514999999999
2090,2021-04-19,13.100472333333334
2091,2021-04-20,13.603913999999998
2092,2021-04-21,13.878202333333334
2093,2021-04-22,13.783367666666665
2094,2021-04-23,13.915066333333334
2095,2021-04-24,13.978038666666668
2096,2021-04-25,14.396244333333334
2097,2021-04-26,14.543251333333332
2098,2021-04-27,14.323164333333333
2099,2021-04-28,14.923461666666666
2100,2021-04-29,14.662613333333333
2101,2021-04-30,14.566657999999999
2102,2021-05-01,14.766904333333335
2103,2021-05-02,14.632782999999998
2104,2021-05-03,14.631844000000001
2105,2021-05-04,15.19544
2106,2021-05-05,14.912216999999998
2107,2021-05-06,15.220697000000001
2108,2021-05-07,14.860514666666667
2109,2021-05-08,15.018133999999998
2110,2021-05-09,15.417914666666666
2111,2021-05-10,15.384685666666668
2112,2021-05-11,15.368557999999998
2113,2021-05-12,15.453003333333333
2114,2021-05-13,15.818396333333332
2115,2021-05-14,15.794863666666666
2116,2021-05-15,15.759182000000001
2117,2021-05-16,16.000721000000002
2118,2021-05-17,15.709739666666666
2119,2021-05-18,16.022832333333334
2120,2021-05-19,16.012224
2121,2021-05-20,16.282117333333336
2122,2021-05-21,15.683193666666668
2123,2021-05-22,15.705866333333335
2124,2021-05-23,15.427330333333336
2125,2021-05-24,15.186403333333333
2126,2021-05-25,15.225951666666667
2127,2021-05-26,15.297691666666667
2128,2021-05-27,15.063536333333333
2129,2021-05-28,14.988058
2130,2021-05-29,15.057473000000002
2131,2021-05-30,15.090251333333335
2132,2021-05-31,14.856418
2133,2021-06-01,14.457148666666667
2134,2021-06-02,14.802355999999998
2135,2021-06-03,14.655804666666667
2136,2021-06-04,15.143745666666668
2137,2021-06-05,15.009006
2138,2021-06-06,15.146556333333335
2139,2021-06-07,15.012995666666667
2140,2021-06-08,15.262123666666666
2141,2021-06-09,14.958407333333334
2142,2021-06-10,14.538124333333334
2143,2021-06-11,14.725580666666668
2144,2021-06-12,14.406730000000001
2145,2021-06-13,14.270911666666665
2146,2021-06-14,14.369475333333334
2147,2021-06-15,14.612822
2148,2021-06-16,14.186036666666666
2149,2021-06-17,14.208601000000002
2150,2021-06-18,14.345925666666668
2151,2021-06-19,13.845050999999998
2152,2021-06-20,13.405833999999999
2153,2021-06-21,12.845878
2154,2021-06-22,12.597560999999999
2155,2021-06-23,11.958935666666667
2156,2021-06-24,11.898780666666667
2157,2021-06-25,11.600658333333334
2158,2021-06-26,11.422393666666666
2159,2021-06-27,11.59725
2160,2021-06-28,11.843114
2161,2021-06-29,11.902716333333332
2162,2021-06-30,11.975571
2163,2021-07-01,11.670598666666665
2164,2021-07-02,11.931204
2165,2021-07-03,11.972672000000001
2166,2021-07-04,11.903642333333336
2167,2021-07-05,12.071903
2168,2021-07-06,12.365366999999999
2169,2021-07-07,12.116679333333332
2170,2021-07-08,12.262988666666667
2171,2021-07-09,12.190025666666669
2172,2021-07-10,12.631103666666668
2173,2021-07-11,12.528590666666668
2174,2021-07-12,12.574349
2175,2021-07-13,12.003095
2176,2021-07-14,12.129998
2177,2021-07-15,11.884025333333332
2178,2021-07-16,12.426842333333333
2179,2021-07-17,12.521866000000001
2180,2021-07-18,12.553488666666667
2181,2021-07-19,12.540152333333333
2182,2021-07-20,12.420468333333334
2183,2021-07-21,12.666502666666666
2184,2021-07-22,12.635286333333333
2185,2021-07-23,12.854039333333333
2186,2021-07-24,12.912063666666667
2187,2021-07-25,12.965207333333334
2188,2021-07-26,13.101611333333333
2189,2021-07-27,13.049282
2190,2021-07-28,13.322882333333334
2191,2021-07-29,13.113073666666665
2192,2021-07-30,12.610116666666665
2193,2021-07-31,13.148987
2194,2021-08-01,13.287653333333333
2195,2021-08-02,13.596057333333334
2196,2021-08-03,13.918514666666667
2197,2021-08-04,14.025071333333335
2198,2021-08-05,13.978553333333332
2199,2021-08-06,13.937037333333334
2200,2021-08-07,14.065603666666666
2201,2021-08-08,14.092100666666667
2202,2021-08-09,14.459386
2203,2021-08-10,14.841328666666668
2204,2021-08-11,14.192355
2205,2021-08-12,14.592345666666667
2206,2021-08-13,14.407601666666666
2207,2021-08-14,14.520032
2208,2021-08-15,14.13259
2209,2021-08-16,14.227623333333332
2210,2021-08-17,14.608243000000002
2211,2021-08-18,14.633878000000001
2212,2021-08-19,15.152343666666667
2213,2021-08-20,14.761124
2214,2021-08-21,15.006009666666666
2215,2021-08-22,14.996445666666668
2216,2021-08-23,14.889517666666665
2217,2021-08-24,15.157717
2218,2021-08-25,15.457035666666664
2219,2021-08-26,15.439813333333333
2220,2021-08-27,15.430792000000002
2221,2021-08-28,15.138659333333331
2222,2021-08-29,15.416097666666667
2223,2021-08-30,15.739845666666668
2224,2021-08-31,15.864110000000002
2225,2021-09-01,15.538187333333333
2226,2021-09-02,16.050197999999998
2227,2021-09-03,16.079970666666664
2228,2021-09-04,15.770737666666667
2229,2021-09-05,16.365044666666666
2230,2021-09-06,16.446323
2231,2021-09-07,16.417048666666666
2232,2021-09-08,16.564155666666668
2233,2021-09-09,16.483095333333335
2234,2021-09-10,16.522215666666668
2235,2021-09-11,16.380373333333335
2236,2021-09-12,16.93355166666667
2237,2021-09-13,16.370224333333333
2238,2021-09-14,16.396754666666666
2239,2021-09-15,16.497473666666668
2240,2021-09-16,16.447952666666666
2241,2021-09-17,16.545184000000003
2242,2021-09-18,16.745627666666667
2243,2021-09-19,16.714061333333333
2244,2021-09-20,16.732437
2245,2021-09-21,17.290015333333333
2246,2021-09-22,16.658584
2247,2021-09-23,16.35316966666667
2248,2021-09-24,16.634202
2249,2021-09-25,17.23879066666667
2250,2021-09-26,16.894552333333333
2251,2021-09-27,16.892964333333335
2252,2021-09-28,16.389524333333334
2253,2021-09-29,16.635227999999998
2254,2021-09-30,15.904648
2255,2021-10-01,16.619997666666666
2256,2021-10-02,16.719739333333333
2257,2021-10-03,16.43941033333333
2258,2021-10-04,16.404479333333335
2259,2021-10-05,16.983795999999998
2260,2021-10-06,16.876332666666666
2261,2021-10-07,16.783433
2262,2021-10-08,17.214913666666668
2263,2021-10-09,16.676545
2264,2021-10-10,16.642388666666665
2265,2021-10-11,17.312669666666665
2266,2021-10-12,17.012953666666665
2267,2021-10-13,17.079638666666664
2268,2021-10-14,16.697353333333336
2269,2021-10-15,16.221180333333333
2270,2021-10-16,16.557479666666666
2271,2021-10-17,16.56886533333333
2272,2021-10-18,16.461842333333333
2273,2021-10-19,16.428402333333334
2274,2021-10-20,16.683068666666667
2275,2021-10-21,16.855120666666664
2276,2021-10-22,17.421719666666664
2277,2021-10-23,16.849234666666664
2278,2021-10-24,16.984981666666666
2279,2021-10-25,17.476093333333335
2280,2021-10-26,17.675229666666667
2281,2021-10-27,17.547289
2282,2021-10-28,17.224535666666668
2283,2021-10-29,17.174295666666666
2284,2021-10-30,17.354636000000003
2285,2021-10-31,17.077217333333333
2286,2021-11-01,17.569455333333334
2287,2021-11-02,17.750516333333334
2288,2021-11-03,18.084559
2289,2021-11-04,17.421066
2290,2021-11-05,17.877181000000004
2291,2021-11-06,17.780276999999998
2292,2021-11-07,18.253294333333333
2293,2021-11-08,18.364956000000003
2294,2021-11-09,18.660537333333334
2295,2021-11-10,18.130689333333333
2296,2021-11-11,18.649272333333332
2297,2021-11-12,18.861008
2298,2021-11-13,18.827286333333333
2299,2021-11-14,18.525165333333334
2300,2021-11-15,18.998282
2301,2021-11-16,18.284211
2302,2021-11-17,19.051826333333334
2303,2021-11-18,19.314159333333336
2304,2021-11-19,18.450811333333334
2305,2021-11-20,18.261357
2306,2021-11-21,18.306676
2307,2021-11-22,18.953612
2308,2021-11-23,18.787578666666665
2309,2021-11-24,18.779870666666667
2310,2021-11-25,18.113660666666664
2311,2021-11-26,17.653425666666667
2312,2021-11-27,18.145234666666667
2313,2021-11-28,18.299265333333334
2314,2021-11-29,18.53422266666667
2315,2021-11-30,18.757921
2316,2021-12-01,18.978179666666666
2317,2021-12-02,19.461015
2318,2021-12-03,19.466344333333335
2319,2021-12-04,19.25554766666667
2320,2021-12-05,19.431184333333334
2321,2021-12-06,19.738916666666665
2322,2021-12-07,20.104274666666665
2323,2021-12-08,19.69909966666667
2324,2021-12-09,20.062618
2325,2021-12-10,19.639562333333334
2326,2021-12-11,19.45851
2327,2021-12-12,19.530457333333334
2328,2021-12-13,20.286722
2329,2021-12-14,20.724735
2330,2021-12-15,20.284841333333333
2331,2021-12-16,19.91592866666667
2332,2021-12-17,19.841947666666666
2333,2021-12-18,20.502158666666663
2334,2021-12-19,20.303026
2335,2021-12-20,20.944100000000002
2336,2021-12-21,20.778724999999998
2337,2021-12-22,20.323125666666666
2338,2021-12-23,20.2501
2339,2021-12-24,20.450686666666666
2340,2021-12-25,20.40862866666667
2341,2021-12-26,20.317105333333334
2342,2021-12-27,20.593894000000002
2343,2021-12-28,20.48754333333333
2344,2021-12-29,20.97693633333333
2345,2021-12-30,21.01470266666667
2346,2021-12-31,20.346960666666664
2347,2022-01-01,20.517510666666666
2348,2022-01-02,20.931697333333332
2349,2022-01-03,21.328006666666667
2350,2022-01-04,21.594620000000003
2351,2022-01-05,21.434678333333334
2352,2022-01-06,20.862819666666667
2353,2022-01-07,20.451330333333335
2354,2022-01-08,20.562630666666664
2355,2022-01-09,21.49601
2356,2022-01-10,20.530877333333333
2357,2022-01-11,20.888428
2358,2022-01-12,21.317746666666665
2359,2022-01-13,21.253628666666668
2360,2022-01-14,21.322569666666666
2361,2022-01-15,20.660469666666668
2362,2022-01-16,20.811880333333335
2363,2022-01-17,21.061258
2364,2022-01-18,21.478534333333332
2365,2022-01-19,20.940532666666666
2366,2022-01-20,21.316659
2367,2022-01-21,21.338258999999997
2368,2022-01-22,22.034327666666666
2369,2022-01-23,21.486964333333333
2370,2022-01-24,21.354220333333334
2371,2022-01-25,20.95781
2372,2022-01-26,21.57964733333333
2373,2022-01-27,21.596515
2374,2022-01-28,21.178307
2375,2022-01-29,21.150661
2376,2022-01-30,21.602023
2377,2022-01-31,21.481003333333334
2378,2022-02-01,21.702017333333334
2379,2022-02-02,21.957735666666668
2380,2022-02-03,21.153126333333333
2381,2022-02-04,21.458235000000002
2382,2022-02-05,21.269534333333336
2383,2022-02-06,21.889445666666663
2384,2022-02-07,21.491467
2385,2022-02-08,21.504462666666665
2386,2022-02-09,21.833407333333337
2387,2022-02-10,21.683711666666667
2388,2022-02-11,20.963109
2389,2022-02-12,21.09312033333333
2390,2022-02-13,22.086896666666664
2391,2022-02-14,21.915799000000003
2392,2022-02-15,22.076869
2393,2022-02-16,21.37594866666667
2394,2022-02-17,21.48298
2395,2022-02-18,21.728522666666663
2396,2022-02-19,21.424559666666667
2397,2022-02-20,21.665945333333337
2398,2022-02-21,21.711409
2399,2022-02-22,21.318762333333336
2400,2022-02-23,21.469208999999996
2401,2022-02-24,21.343223
2402,2022-02-25,21.576956999999997
2403,2022-02-26,21.37679266666667
2404,2022-02-27,21.984714666666665
2405,2022-02-28,21.412471999999998
2406,2022-03-01,21.708504333333334
2407,2022-03-02,21.481515
2408,2022-03-03,21.12193566666667
2409,2022-03-04,21.770286666666667
2410,2022-03-05,20.852005333333334
2411,2022-03-06,21.352013666666664
2412,2022-03-07,20.788003666666665
2413,2022-03-08,21.431171666666668
2414,2022-03-09,21.23049333333333
2415,2022-03-10,21.71655033333333
2416,2022-03-11,21.190089
2417,2022-03-12,22.38328466666667
2418,2022-03-13,21.104994
2419,2022-03-14,21.687190333333334
2420,2022-03-15,21.165789999999998
2421,2022-03-16,21.478269666666666
2422,2022-03-17,21.572160666666665
2423,2022-03-18,21.408359333333333
2424,2022-03-19,22.033546666666666
2425,2022-03-20,21.319006333333334
2426,2022-03-21,21.887780000000003
2427,2022-03-22,21.659726333333335
2428,2022-03-23,21.883785666666668
2429,2022-03-24,21.626948666666664
2430,2022-03-25,22.278073333333335
2431,2022-03-26,21.70015066666667
2432,2022-03-27,21.502899
2433,2022-03-28,22.368992333333335
2434,2022-03-29,22.292321666666666
2435,2022-03-30,22.11735966666667
2436,2022-03-31,21.60305633333333
2437,2022-04-01,22.150835333333333
2438,2022-04-02,21.404307333333332
2439,2022-04-03,21.631979
2440,2022-04-04,21.764992333333335
2441,2022-04-05,22.256777
2442,2022-04-06,22.213965333333334
2443,2022-04-07,22.21245833333333
2444,2022-04-08,22.372694666666664
2445,2022-04-09,21.886582000000004
2446,2022-04-10,22.139000666666664
2447,2022-04-11,22.644093666666667
2448,2022-04-12,21.76228066666667
2449,2022-04-13,21.965949
2450,2022-04-14,22.39233966666667
2451,2022-04-15,22.000861
2452,2022-04-16,21.717692666666665
2453,2022-04-17,22.730983
2454,2022-04-18,22.846076666666665
2455,2022-04-19,22.65398933333333
2456,2022-04-20,22.253936
2457,2022-04-21,21.910957333333332
2458,2022-04-22,22.27134866666667
2459,2022-04-23,22.586333666666665
2460,2022-04-24,22.348452666666663
2461,2022-04-25,22.48576
2462,2022-04-26,21.945545666666664
2463,2022-04-27,21.698183666666665
2464,2022-04-28,22.013285666666672
2465,2022-04-29,22.127990666666665
2466,2022-04-30,22.65396766666667
2467,2022-05-01,23.189439333333336
2468,2022-05-02,22.526324
2469,2022-05-03,23.003966000000002
2470,2022-05-04,22.489016666666668
2471,2022-05-05,22.525605333333335
2472,2022-05-06,22.628530666666666
2473,2022-05-07,22.612854
2474,2022-05-08,22.85468566666667
2475,2022-05-09,23.203820999999994
2476,2022-05-10,22.84865933333333
2477,2022-05-11,23.579913
2478,2022-05-12,22.95727066666667
2479,2022-05-13,23.929198999999997
2480,2022-05-14,22.450690666666663
2481,2022-05-15,23.370507
2482,2022-05-16,23.314714999999996
2483,2022-05-17,22.996061333333333
2484,2022-05-18,23.338849999999997
2485,2022-05-19,22.841983666666664
2486,2022-05-20,23.129619666666667
2487,2022-05-21,23.326215666666666
2488,2022-05-22,22.652228333333337
2489,2022-05-23,22.843978333333336
2490,2022-05-24,22.959073333333333
2491,2022-05-25,23.193029
2492,2022-05-26,22.568522333333334
2493,2022-05-27,23.092695000000003
2494,2022-05-28,22.702506333333332
2495,2022-05-29,22.681167
2496,2022-05-30,22.710308666666666
2497,2022-05-31,22.666287
2498,2022-06-01,22.38927
2499,2022-06-02,22.573861333333337
2500,2022-06-03,22.546074333333333
2501,2022-06-04,22.686007666666665
2502,2022-06-05,22.453976666666666
2503,2022-06-06,21.767815
2504,2022-06-07,22.615058333333334
2505,2022-06-08,22.649486666666665
2506,2022-06-09,21.841058
2507,2022-06-10,22.38119933333333
2508,2022-06-11,22.790216333333333
2509,2022-06-12,22.051014
2510,2022-06-13,21.72687
2511,2022-06-14,21.054767666666667
2512,2022-06-15,20.023517666666667
2513,2022-06-16,20.320790000000002
2514,2022-06-17,20.55821
2515,2022-06-18,20.6332
2516,2022-06-19,19.57987233333333
2517,2022-06-20,20.157007000000004
2518,2022-06-21,19.93161166666667
2519,2022-06-22,19.710561333333334
2520,2022-06-23,19.393711999999997
2521,2022-06-24,19.25643666666667
2522,2022-06-25,19.758663
2523,2022-06-26,18.75571933333333
2524,2022-06-27,19.660954
2525,2022-06-28,19.035692666666666
2526,2022-06-29,18.932861666666668
2527,2022-06-30,18.880980333333333
2528,2022-07-01,18.942452666666668
2529,2022-07-02,18.822533333333336
2530,2022-07-03,19.302367
2531,2022-07-04,18.911775
2532,2022-07-05,19.16340866666667
2533,2022-07-06,19.002449666666667
2534,2022-07-07,18.838090333333334
2535,2022-07-08,19.210851666666667
2536,2022-07-09,18.937617999999997
2537,2022-07-10,19.405175666666665
2538,2022-07-11,18.623278666666664
2539,2022-07-12,19.289414333333333
2540,2022-07-13,18.671638333333334
2541,2022-07-14,19.051038000000002
2542,2022-07-15,19.106395666666668
2543,2022-07-16,19.358628
2544,2022-07-17,19.127938666666665
2545,2022-07-18,19.498148666666665
2546,2022-07-19,19.786603333333332
2547,2022-07-20,19.517022333333333
2548,2022-07-21,19.312894666666665
2549,2022-07-22,19.462665333333334
2550,2022-07-23,20.061410000000002
2551,2022-07-24,19.790564
2552,2022-07-25,19.14667833333333
2553,2022-07-26,19.274667333333333
2554,2022-07-27,19.410872666666666
2555,2022-07-28,19.72763833333333
2556,2022-07-29,19.256189000000003
2557,2022-07-30,19.297114333333333
2558,2022-07-31,18.935215333333332
2559,2022-08-01,19.362794333333333
2560,2022-08-02,20.007752
2561,2022-08-03,19.319010333333335
2562,2022-08-04,19.364994333333332
2563,2022-08-05,20.034499333333333
2564,2022-08-06,19.372586333333334
2565,2022-08-07,19.495129666666667
2566,2022-08-08,18.815460333333334
2567,2022-08-09,19.199275
2568,2022-08-10,19.114132333333334
2569,2022-08-11,19.311131666666668
2570,2022-08-12,19.055835333333334
2571,2022-08-13,19.402965
2572,2022-08-14,19.579204333333333
2573,2022-08-15,19.084043333333334
2574,2022-08-16,19.644220333333333
2575,2022-08-17,19.438805000000002
2576,2022-08-18,18.950267999999998
2577,2022-08-19,18.612599666666668
2578,2022-08-20,18.305304666666668
2579,2022-08-21,18.980426666666666
2580,2022-08-22,18.54573033333333
2581,2022-08-23,19.202447666666668
2582,2022-08-24,18.978170333333335
2583,2022-08-25,18.490888
2584,2022-08-26,18.973052999999997
2585,2022-08-27,19.314457666666666
2586,2022-08-28,19.11942433333333
2587,2022-08-29,19.913507666666664
2588,2022-08-30,19.423905
2589,2022-08-31,19.435300666666667
2590,2022-09-01,19.28843566666667
2591,2022-09-02,20.046369
2592,2022-09-03,19.26532566666667
2593,2022-09-04,19.753243
2594,2022-09-05,18.842500666666666
2595,2022-09-06,19.070361000000002
2596,2022-09-07,19.006445666666664
2597,2022-09-08,19.559413000000003
2598,2022-09-09,18.713331
2599,2022-09-10,18.78966766666667
2600,2022-09-11,18.437382666666668
2601,2022-09-12,19.051213
2602,2022-09-13,18.891954
2603,2022-09-14,18.076535333333336
