0,1
7/30/2015,11.5297
7/31/2015,51.4594
8/1/2015,57.7845
8/2/2015,67.9224
8/3/2015,74.5737
8/4/2015,82.0352
8/5/2015,86.1558
8/6/2015,88.3326
8/7/2015,95.2981
8/8/2015,104.8971
8/9/2015,109.6916
8/10/2015,120.5988
8/11/2015,134.7695
8/12/2015,143.0004
8/13/2015,156.6101
8/14/2015,196.7576
8/15/2015,227.665
8/16/2015,231.8948
8/17/2015,258.9066
8/18/2015,270.4645
8/19/2015,284.0496
8/20/2015,221.4382
8/21/2015,277.282
8/22/2015,312.6127
8/23/2015,317.1623
8/24/2015,333.3458
8/25/2015,325.2465
8/26/2015,343.1277
8/27/2015,341.1168
8/28/2015,355.2287
8/29/2015,351.453
8/30/2015,340.144
8/31/2015,359.3523
9/1/2015,363.4134
9/2/2015,355.9032
9/3/2015,339.3088
9/4/2015,350.0661
9/5/2015,374.917
9/6/2015,388.4451
9/7/2015,379.8349
9/8/2015,370.7395
9/9/2015,386.1935
9/10/2015,392.0801
9/11/2015,421.6556
9/12/2015,424.2721
9/13/2015,432.7014
9/14/2015,399.6471
9/15/2015,387.7858
9/16/2015,383.9057
9/17/2015,362.1457
9/18/2015,346.2296
9/19/2015,357.5566
9/20/2015,408.748
9/21/2015,409.9779
9/22/2015,410.0917
9/23/2015,438.8619
9/24/2015,436.2345
9/25/2015,443.497
9/26/2015,440.6371
9/27/2015,426.444
9/28/2015,391.4721
9/29/2015,347.3122
9/30/2015,332.8925
10/1/2015,365.2783
10/2/2015,378.4969
10/3/2015,390.9186
10/4/2015,371.1233
10/5/2015,385.5859
10/6/2015,368.4521
10/7/2015,366.9765
10/8/2015,375.1336
10/9/2015,364.9485
10/10/2015,360.6383
10/11/2015,381.8711
10/12/2015,386.3386
10/13/2015,397.9554
10/14/2015,394.1999
10/15/2015,372.9212
10/16/2015,347.0096
10/17/2015,373.0388
10/18/2015,362.4454
10/19/2015,360.9165
10/20/2015,359.4184
10/21/2015,358.9999
10/22/2015,341.149
10/23/2015,380.6258
10/24/2015,400.8051
10/25/2015,415.4128
10/26/2015,399.276
10/27/2015,423.6995
10/28/2015,425.0888
10/29/2015,457.198
10/30/2015,485.0091
10/31/2015,512.5808
11/1/2015,520.7818
11/2/2015,494.4047
11/3/2015,480.1956
11/4/2015,508.4657
11/5/2015,489.3514
11/6/2015,491.3861
11/7/2015,478.1613
11/8/2015,498.873
11/9/2015,496.5674
11/10/2015,505.3881
11/11/2015,508.885
11/12/2015,517.4888
11/13/2015,528.3143
11/14/2015,534.8715
11/15/2015,550.2513
11/16/2015,541.2585
11/17/2015,535.801
11/18/2015,550.5812
11/19/2015,552.7532
11/20/2015,472.9611
11/21/2015,480.0484
11/22/2015,480.251
11/23/2015,487.9382
11/24/2015,486.5758
11/25/2015,470.151
11/26/2015,470.857
11/27/2015,492.9653
11/28/2015,498.5437
11/29/2015,500.4669
11/30/2015,503.9533
12/1/2015,514.3284
12/2/2015,481.8385
12/3/2015,504.3068
12/4/2015,493.1904
12/5/2015,511.9346
12/6/2015,487.6672
12/7/2015,483.681
12/8/2015,469.5651
12/9/2015,494.265
12/10/2015,504.7793
12/11/2015,514.5903
12/12/2015,517.9029
12/13/2015,556.8745
12/14/2015,541.3528
12/15/2015,559.704
12/16/2015,534.0622
12/17/2015,553.9679
12/18/2015,552.1806
12/19/2015,548.8488
12/20/2015,533.1539
12/21/2015,531.4617
12/22/2015,564.9776
12/23/2015,552.9946
12/24/2015,539.4988
12/25/2015,539.1713
12/26/2015,529.3583
12/27/2015,545.346
12/28/2015,545.0927
12/29/2015,542.2221
12/30/2015,534.5552
12/31/2015,542.7166
1/1/2016,526.2007
1/2/2016,528.0765
1/3/2016,544.8281
1/4/2016,541.3346
1/5/2016,548.8214
1/6/2016,552.2518
1/7/2016,526.3401
1/8/2016,550.7067
1/9/2016,551.6457
1/10/2016,538.0286
1/11/2016,561.5707
1/12/2016,541.1136
1/13/2016,530.6222
1/14/2016,553.7419
1/15/2016,567.1537
1/16/2016,574.0822
1/17/2016,568.3259
1/18/2016,591.419
1/19/2016,584.904
1/20/2016,588.1518
1/21/2016,584.1308
1/22/2016,610.6596
1/23/2016,608.8656
1/24/2016,650.5701
1/25/2016,624.8285
1/26/2016,672.8732
1/27/2016,663.7333
1/28/2016,652.1991
1/29/2016,670.1196
1/30/2016,668.8032
1/31/2016,646.7083
2/1/2016,679.1845
2/2/2016,648.4793
2/3/2016,696.9209
2/4/2016,694.2255
2/5/2016,698.6372
2/6/2016,674.6478
2/7/2016,693.3343
2/8/2016,723.2448
2/9/2016,699.4473
2/10/2016,718.0474
2/11/2016,747.5285
2/12/2016,720.7269
2/13/2016,766.029
2/14/2016,775.2691
2/15/2016,794.6889
2/16/2016,789.694
2/17/2016,770.0884
2/18/2016,750.9481
2/19/2016,794.8141
2/20/2016,800.292
2/21/2016,808.8832
2/22/2016,844.5991
2/23/2016,849.5091
2/24/2016,846.5788
2/25/2016,855.9038
2/26/2016,881.5024
2/27/2016,896.6538
2/28/2016,915.9603
2/29/2016,885.9939
3/1/2016,900.4969
3/2/2016,939.1247
3/3/2016,957.2282
3/4/2016,982.6566
3/5/2016,1030.3311
3/6/2016,1036.7243
3/7/2016,1047.5369
3/8/2016,1060.2446
3/9/2016,1080.6917
3/10/2016,1124.5588
3/11/2016,1152.2742
3/12/2016,1215.6928
3/13/2016,1291.2983
3/14/2016,1246.4302
3/15/2016,1295.5505
3/16/2016,1322.2236
3/17/2016,1369.4014
3/18/2016,1354.7364
3/19/2016,1419.6017
3/20/2016,1450.4615
3/21/2016,1430.1956
3/22/2016,1466.4437
3/23/2016,1389.2046
3/24/2016,1505.2497
3/25/2016,1574.3074
3/26/2016,1620.192
3/27/2016,1641.9153
3/28/2016,1608.6662
3/29/2016,1670.8109
3/30/2016,1712.2136
3/31/2016,1769.0299
4/1/2016,1789.7099
4/2/2016,1726.9503
4/3/2016,1825.8351
4/4/2016,1909.2179
4/5/2016,1918.4151
4/6/2016,1894.4371
4/7/2016,1812.6601
4/8/2016,1973.1984
4/9/2016,1959.8205
4/10/2016,2036.3026
4/11/2016,1971.8315
4/12/2016,1930.8805
4/13/2016,2027.4732
4/14/2016,2040.3898
4/15/2016,2122.0072
4/16/2016,2151.0281
4/17/2016,2099.2955
4/18/2016,2225.2231
4/19/2016,2224.0597
4/20/2016,2269.7286
4/21/2016,2289.2977
4/22/2016,2218.8202
4/23/2016,2314.4714
4/24/2016,2281.4876
4/25/2016,2398.2374
4/26/2016,2327.7401
4/27/2016,2343.4699
4/28/2016,2398.094
4/29/2016,2445.412
4/30/2016,2541.0507
5/1/2016,2519.2786
5/2/2016,2435.2643
5/3/2016,2570.8192
5/4/2016,2540.3269
5/5/2016,2548.6649
5/6/2016,2558.802
5/7/2016,2546.9321
5/8/2016,2596.7218
5/9/2016,2619.8292
5/10/2016,2678.5523
5/11/2016,2576.6882
5/12/2016,2640.5013
5/13/2016,2813.5085
5/14/2016,2768.5727
5/15/2016,2787.9132
5/16/2016,2782.0494
5/17/2016,2777.3602
5/18/2016,2893.0189
5/19/2016,2959.2314
5/20/2016,3019.804
5/21/2016,3042.5019
5/22/2016,3034.0969
5/23/2016,3047.7928
5/24/2016,3097.5979
5/25/2016,3126.5085
5/26/2016,3161.323
5/27/2016,3175.1154
5/28/2016,3253.1913
5/29/2016,3275.4294
5/30/2016,3266.9893
5/31/2016,3226.0808
6/1/2016,3170.4475
6/2/2016,3240.5703
6/3/2016,3413.4593
6/4/2016,3396.8318
6/5/2016,3326.0748
6/6/2016,3441.9709
6/7/2016,3465.5588
6/8/2016,3478.0667
6/9/2016,3639.7054
6/10/2016,3424.0833
6/11/2016,3555.18
6/12/2016,3581.6422
6/13/2016,3714.9746
6/14/2016,3749.449
6/15/2016,3718.5221
6/16/2016,3717.1685
6/17/2016,3864.3682
6/18/2016,3764.232
6/19/2016,3855.0105
6/20/2016,3814.1165
6/21/2016,3755.1058
6/22/2016,3914.4371
6/23/2016,3993.7808
6/24/2016,3987.4979
6/25/2016,3971.3075
6/26/2016,4090.5901
6/27/2016,4165.2564
6/28/2016,4215.9351
6/29/2016,4114.6487
6/30/2016,4137.6421
7/1/2016,4235.8486
7/2/2016,4246.5515
7/3/2016,4343.8485
7/4/2016,4332.1514
7/5/2016,4335.0033
7/6/2016,4336.5273
7/7/2016,4320.9295
7/8/2016,4345.7744
7/9/2016,4356.4367
7/10/2016,4385.4846
7/11/2016,4454.888
7/12/2016,4453.2789
7/13/2016,4517.2296
7/14/2016,4472.393
7/15/2016,4402.0765
7/16/2016,4426.8996
7/17/2016,4446.0043
7/18/2016,4569.4936
7/19/2016,4514.7929
7/20/2016,4425.822
7/21/2016,4602.5527
7/22/2016,4434.4853
7/23/2016,4619.5511
7/24/2016,4498.6015
7/25/2016,4353.0916
7/26/2016,4147.0192
7/27/2016,3975.9477
7/28/2016,4230.6929
7/29/2016,4137.8516
7/30/2016,4057.8986
7/31/2016,4120.2423
8/1/2016,4033.4068
8/2/2016,3736.2769
8/3/2016,3614.2588
8/4/2016,3936.9981
8/5/2016,4031.1962
8/6/2016,3924.4177
8/7/2016,4058.0205
8/8/2016,4136.7742
8/9/2016,4353.1675
8/10/2016,4442.4061
8/11/2016,4538.8823
8/12/2016,4529.4509
8/13/2016,4479.0387
8/14/2016,4488.9892
8/15/2016,4512.4457
8/16/2016,4623.2492
8/17/2016,4616.8304
8/18/2016,4717.6488
8/19/2016,4666.3602
8/20/2016,4807.7401
8/21/2016,4860.5322
8/22/2016,4890.1286
8/23/2016,4980.5674
8/24/2016,4968.8061
8/25/2016,5076.846
8/26/2016,5242.0628
8/27/2016,5241.1926
8/28/2016,5174.1701
8/29/2016,5110.3024
8/30/2016,5104.6336
8/31/2016,5212.9746
9/1/2016,5264.4573
9/2/2016,5339.3071
9/3/2016,5064.514
9/4/2016,4925.8701
9/5/2016,5116.8905
9/6/2016,5066.0973
9/7/2016,5193.0105
9/8/2016,5135.7331
9/9/2016,5165.9252
9/10/2016,5212.7523
9/11/2016,5414.1144
9/12/2016,5397.9619
9/13/2016,5369.0839
9/14/2016,5550.9528
9/15/2016,5538.7187
9/16/2016,5504.7355
9/17/2016,5705.4374
9/18/2016,5038.1328
9/19/2016,5155.0804
9/20/2016,5747.8625
9/21/2016,5918.6443
9/22/2016,5443.359
9/23/2016,5966.6603
9/24/2016,5995.2836
9/25/2016,6227.8531
9/26/2016,5867.8083
9/27/2016,6199.3892
9/28/2016,6242.7931
9/29/2016,6382.9672
9/30/2016,6211.6467
10/1/2016,6435.5312
10/2/2016,6609.1126
10/3/2016,6480.4953
10/4/2016,6618.6976
10/5/2016,6594.0094
10/6/2016,6644.5921
10/7/2016,6417.1224
10/8/2016,6698.4587
10/9/2016,6812.7671
10/10/2016,6857.1214
10/11/2016,6937.1736
10/12/2016,6700.3711
10/13/2016,6965.8669
10/14/2016,7226.2037
10/15/2016,7301.6059
10/16/2016,7491.1701
10/17/2016,7121.9336
10/18/2016,7396.8799
10/19/2016,7431.3973
10/20/2016,7670.915
10/21/2016,7757.4499
10/22/2016,7767.7022
10/23/2016,7558.2757
10/24/2016,7712.7627
10/25/2016,7817.4541
10/26/2016,7897.5795
10/27/2016,7754.9282
10/28/2016,7447.6341
10/29/2016,5933.8419
10/30/2016,5768.4023
10/31/2016,6170.1936
11/1/2016,5264.4502
11/2/2016,4743.8178
11/3/2016,4528.1677
11/4/2016,4164.5726
11/5/2016,3926.9146
11/6/2016,3870.5255
11/7/2016,4601.8022
11/8/2016,5126.5784
11/9/2016,5000.396
11/10/2016,4596.517
11/11/2016,4470.7243
11/12/2016,4555.873
11/13/2016,4937.128
11/14/2016,5122.3997
11/15/2016,5155.4629
11/16/2016,5050.1138
11/17/2016,4838.0854
11/18/2016,5193.5489
11/19/2016,5480.2832
11/20/2016,5987.5706
11/21/2016,6324.9229
11/22/2016,5955.0846
11/23/2016,5908.0341
11/24/2016,5287.2911
11/25/2016,5301.8374
11/26/2016,5364.8074
11/27/2016,5348.1061
11/28/2016,5544.287
11/29/2016,5456.127
11/30/2016,5209.9548
12/1/2016,5268.3704
12/2/2016,5341.6121
12/3/2016,5614.5189
12/4/2016,5551.9253
12/5/2016,5409.3217
12/6/2016,5367.7479
12/7/2016,5496.8057
12/8/2016,5783.3873
12/9/2016,5914.8346
12/10/2016,6040.1544
12/11/2016,6204.02
12/12/2016,5975.0517
12/13/2016,6168.728
12/14/2016,6132.4685
12/15/2016,6097.3583
12/16/2016,6290.8766
12/17/2016,6370.3847
12/18/2016,6594.1816
12/19/2016,6588.4056
12/20/2016,6748.3212
12/21/2016,6696.8063
12/22/2016,6475.333
12/23/2016,6022.6423
12/24/2016,5671.6635
12/25/2016,5939.9539
12/26/2016,6147.6001
12/27/2016,5943.6228
12/28/2016,5906.9011
12/29/2016,5885.5378
12/30/2016,5892.7281
12/31/2016,5957.5536
1/1/2017,5962.5576
1/2/2017,5979.936
1/3/2017,5984.9265
1/4/2017,6603.4409
1/5/2017,6748.8433
1/6/2017,6783.5835
1/7/2017,7025.7055
1/8/2017,7052.8143
1/9/2017,7281.103
1/10/2017,7283.0151
1/11/2017,7356.4905
1/12/2017,7432.253
1/13/2017,7568.8324
1/14/2017,7587.9426
1/15/2017,7741.9086
1/16/2017,7735.3142
1/17/2017,7657.6882
1/18/2017,7592.5237
1/19/2017,8114.4421
1/20/2017,7838.6452
1/21/2017,8044.0736
1/22/2017,8083.9775
1/23/2017,8232.8818
1/24/2017,8124.3364
1/25/2017,8145.8979
1/26/2017,8367.5758
1/27/2017,8244.2883
1/28/2017,8279.3794
1/29/2017,8111.2062
1/30/2017,8348.0885
1/31/2017,8339.12
2/1/2017,8226.0029
2/2/2017,8407.2648
2/3/2017,8271.9789
2/4/2017,8427.7058
2/5/2017,8773.2937
2/6/2017,8877.6557
2/7/2017,8865.7805
2/8/2017,8981.8497
2/9/2017,8947.4759
2/10/2017,9217.8017
2/11/2017,9275.2906
2/12/2017,9392.2664
2/13/2017,9522.8756
2/14/2017,9629.3742
2/15/2017,9674.344
2/16/2017,9633.6869
2/17/2017,9813.818
2/18/2017,9910.4307
2/19/2017,10076.9868
2/20/2017,10118.1204
2/21/2017,10342.9777
2/22/2017,10225.688
2/23/2017,10249.8892
2/24/2017,10300.807
2/25/2017,10613.2667
2/26/2017,11038.1733
2/27/2017,11078.6475
2/28/2017,11579.116
3/1/2017,11193.1403
3/2/2017,11369.6535
3/3/2017,11791.9899
3/4/2017,11641.3951
3/5/2017,12169.6377
3/6/2017,12202.0077
3/7/2017,12126.1529
3/8/2017,12566.0974
3/9/2017,12593.1903
3/10/2017,12622.6645
3/11/2017,12870.7578
3/12/2017,12911.1921
3/13/2017,13434.1504
3/14/2017,13255.2329
3/15/2017,13628.7396
3/16/2017,13794.9629
3/17/2017,14518.7852
3/18/2017,14696.5419
3/19/2017,13915.1809
3/20/2017,14863.3155
3/21/2017,14561.0448
3/22/2017,14914.7357
3/23/2017,15425.4361
3/24/2017,15334.1063
3/25/2017,15439.4585
3/26/2017,16219.4936
3/27/2017,16894.3097
3/28/2017,16458.957
3/29/2017,17141.823
3/30/2017,17183.9723
3/31/2017,17643.5302
4/1/2017,17342.0731
4/2/2017,17320.8014
4/3/2017,16564.8723
4/4/2017,17593.0096
4/5/2017,18094.6996
4/6/2017,17967.3505
4/7/2017,18253.0325
4/8/2017,18340.2159
4/9/2017,18009.4232
4/10/2017,18072.1973
4/11/2017,18671.3934
4/12/2017,18555.8787
4/13/2017,18205.074
4/14/2017,19833.812
4/15/2017,19260.1407
4/16/2017,19591.7831
4/17/2017,19889.9768
4/18/2017,20302.3049
4/19/2017,20078.8856
4/20/2017,20288.8866
4/21/2017,20805.2888
4/22/2017,20900.958
4/23/2017,21389.0055
4/24/2017,20664.8066
4/25/2017,21582.4498
4/26/2017,21292.624
4/27/2017,21617.4059
4/28/2017,22951.0371
4/29/2017,23467.3816
4/30/2017,22938.2706
5/1/2017,23205.2792
5/2/2017,23246.7388
5/3/2017,23614.2464
5/4/2017,23265.2011
5/5/2017,24468.9937
5/6/2017,24415.8585
5/7/2017,24862.0244
5/8/2017,24481.3196
5/9/2017,25606.8006
5/10/2017,25352.2733
5/11/2017,25792.7606
5/12/2017,26696.7857
5/13/2017,26056.3076
5/14/2017,26882.1696
5/15/2017,27814.0407
5/16/2017,28230.111
5/17/2017,26762.9284
5/18/2017,27740.2141
5/19/2017,28816.636
5/20/2017,29609.4667
5/21/2017,30501.1451
5/22/2017,31382.7051
5/23/2017,30236.4543
5/24/2017,30975.705
5/25/2017,31139.2104
5/26/2017,31197.0515
5/27/2017,32153.7231
5/28/2017,31940.9693
5/29/2017,34015.7294
5/30/2017,36263.7391
5/31/2017,35309.9381
6/1/2017,37244.2449
6/2/2017,36298.9273
6/3/2017,37390.2818
6/4/2017,38378.7011
6/5/2017,39283.0384
6/6/2017,39838.9042
6/7/2017,41466.1245
6/8/2017,41827.9352
6/9/2017,41762.2012
6/10/2017,43934.269
6/11/2017,45025.9063
6/12/2017,44971.345
6/13/2017,46524.8904
6/14/2017,47653.2451
6/15/2017,48524.7456
6/16/2017,49363.4715
6/17/2017,50988.985
6/18/2017,51996.5122
6/19/2017,52568.3389
6/20/2017,53605.3273
6/21/2017,54107.974
6/22/2017,54738.2538
6/23/2017,54340.7602
6/24/2017,55696.7824
6/25/2017,56394.2575
6/26/2017,58414.4698
6/27/2017,58319.7387
6/28/2017,59928.6376
6/29/2017,61553.5382
6/30/2017,61650.5709
7/1/2017,62556.7775
7/2/2017,63113.6089
7/3/2017,64997.08
7/4/2017,66569.3952
7/5/2017,64822.7346
7/6/2017,65978.5137
7/7/2017,67085.5686
7/8/2017,67464.2959
7/9/2017,68072.3545
7/10/2017,69107.6248
7/11/2017,68636.1856
7/12/2017,66929.7884
7/13/2017,67583.3821
7/14/2017,66162.8973
7/15/2017,68590.0251
7/16/2017,70207.4606
7/17/2017,66693.2842
7/18/2017,68408.1739
7/19/2017,71183.4584
7/20/2017,73430.2935
7/21/2017,73178.0557
7/22/2017,72967.3365
7/23/2017,75690.2025
7/24/2017,73612.8357
7/25/2017,77165.6725
7/26/2017,76836.4143
7/27/2017,75616.4916
7/28/2017,77536.4097
7/29/2017,76584.8357
7/30/2017,79028.534
7/31/2017,80870.2609
8/1/2017,80820.0069
8/2/2017,79694.0246
8/3/2017,76659.268
8/4/2017,79754.3216
8/5/2017,78990.8015
8/6/2017,80020.6258
8/7/2017,82348.3479
8/8/2017,83308.9277
8/9/2017,84931.897
8/10/2017,83442.1715
8/11/2017,84627.2607
8/12/2017,87270.9302
8/13/2017,87653.9263
8/14/2017,89584.3061
8/15/2017,90812.4199
8/16/2017,91289.1473
8/17/2017,92534.9297
8/18/2017,91777.3051
8/19/2017,95425.5042
8/20/2017,93281.2322
8/21/2017,95741.8313
8/22/2017,95942.1567
8/23/2017,98296.3711
8/24/2017,97228.3329
8/25/2017,95339.2953
8/26/2017,95944.7226
8/27/2017,95506.9876
8/28/2017,92566.5693
8/29/2017,99235.369
8/30/2017,99678.7102
8/31/2017,97955.4642
9/1/2017,98985.3654
9/2/2017,98883.0465
9/3/2017,98450.1542
9/4/2017,99991.3961
9/5/2017,100474.3339
9/6/2017,99614.2702
9/7/2017,101735.9047
9/8/2017,106728.0408
9/9/2017,104087.0767
9/10/2017,102462.2609
9/11/2017,102521.0502
9/12/2017,108070.1938
9/13/2017,103537.1178
9/14/2017,105590.7742
9/15/2017,109240.2979
9/16/2017,107169.6341
9/17/2017,108004.7306
9/18/2017,105851.5969
9/19/2017,108650.3899
9/20/2017,107391.0713
9/21/2017,109411.54
9/22/2017,108415.5019
9/23/2017,103936.501
9/24/2017,106744.3503
9/25/2017,101530.2447
9/26/2017,102987.1868
9/27/2017,105672.8117
9/28/2017,101865.3038
9/29/2017,97747.1226
9/30/2017,97246.8496
10/1/2017,101856.5841
10/2/2017,101498.7153
10/3/2017,101330.3025
10/4/2017,104322.349
10/5/2017,107720.1602
10/6/2017,102813.1953
10/7/2017,100704.8489
10/8/2017,104067.9114
10/9/2017,104686.6792
10/10/2017,106119.6349
10/11/2017,109279.7021
10/12/2017,105449.0222
10/13/2017,110049.5848
10/14/2017,105135.748
10/15/2017,108556.0976
10/16/2017,112491.5255
10/17/2017,114496.653
10/18/2017,113792.9401
10/19/2017,117973.6768
10/20/2017,117268.4555
10/21/2017,116687.3756
10/22/2017,118870.2012
10/23/2017,117763.0093
10/24/2017,121642.1225
10/25/2017,118684.8641
10/26/2017,114761.8238
10/27/2017,117091.7153
10/28/2017,118629.8189
10/29/2017,117105.7539
10/30/2017,115204.0015
10/31/2017,119297.9707
11/1/2017,120477.0125
11/2/2017,115774.5028
11/3/2017,113706.9239
11/4/2017,111929.8264
11/5/2017,117028.67
11/6/2017,114621.414
11/7/2017,113925.2212
11/8/2017,116144.1465
11/9/2017,114107.822
11/10/2017,115773.7593
11/11/2017,115718.414
11/12/2017,118263.4894
11/13/2017,117469.6839
11/14/2017,114709.874
11/15/2017,115382.9053
11/16/2017,111657.6225
11/17/2017,112630.8165
11/18/2017,111516.8425
11/19/2017,112980.6417
11/20/2017,120188.5528
11/21/2017,118772.9291
11/22/2017,118382.3196
11/23/2017,122161.9842
11/24/2017,124844.7158
11/25/2017,125309.3717
11/26/2017,125187.293
11/27/2017,123438.9985
11/28/2017,121376.5047
11/29/2017,123404.9935
11/30/2017,124830.2891
12/1/2017,125492.702
12/2/2017,125605.2762
12/3/2017,121828.5383
12/4/2017,125869.5928
12/5/2017,123432.1491
12/6/2017,123628.5175
12/7/2017,125209.8857
12/8/2017,127322.6374
12/9/2017,128300.9697
12/10/2017,126733.7869
12/11/2017,128336.6496
12/12/2017,128931.8969
12/13/2017,134096.1365
12/14/2017,137629.7703
12/15/2017,143758.2604
12/16/2017,141945.8652
12/17/2017,142954.4584
12/18/2017,147283.4924
12/19/2017,144785.8066
12/20/2017,143787.1073
12/21/2017,143918.9673
12/22/2017,143237.655
12/23/2017,149570.4924
12/24/2017,148933.7151
12/25/2017,150660.6855
12/26/2017,151469.2196
12/27/2017,152530.5011
12/28/2017,156618.8488
12/29/2017,153605.9851
12/30/2017,154787.985
12/31/2017,156919.1805
1/1/2018,159441.8475
1/2/2018,159057.5377
1/3/2018,158805.4552
1/4/2018,162473.4175
1/5/2018,166391.1687
1/6/2018,163074.7937
1/7/2018,169010.8826
1/8/2018,168775.8944
1/9/2018,170785.6861
1/10/2018,174332.6871
1/11/2018,179701.776
1/12/2018,180394.1239
1/13/2018,181051.4051
1/14/2018,185408.671
1/15/2018,181636.7811
1/16/2018,187122.9824
1/17/2018,191023.8179
1/18/2018,189281.4868
1/19/2018,188933.6732
1/20/2018,196739.0047
1/21/2018,192489.0949
1/22/2018,197018.312
1/23/2018,196608.2455
1/24/2018,201694.5298
1/25/2018,203394.4979
1/26/2018,203454.7751
1/27/2018,202106.5578
1/28/2018,204748.658
1/29/2018,213099.1585
1/30/2018,210494.5728
1/31/2018,215826.4032
2/1/2018,221004.0257
2/2/2018,224386.69
2/3/2018,223750.0072
2/4/2018,223628.198
2/5/2018,229317.1819
2/6/2018,226643.546
2/7/2018,232001.6424
2/8/2018,229493.3998
2/9/2018,232843.1343
2/10/2018,234466.2002
2/11/2018,236401.4541
2/12/2018,241154.4129
2/13/2018,242643.0985
2/14/2018,236293.682
2/15/2018,238380.589
2/16/2018,243106.1504
2/17/2018,243542.0698
2/18/2018,243539.0262
2/19/2018,242911.4767
2/20/2018,239653.9119
2/21/2018,241642.47
2/22/2018,243671.4308
2/23/2018,245866.6703
2/24/2018,244536.0463
2/25/2018,250331.8931
2/26/2018,247528.6317
2/27/2018,243300.4607
2/28/2018,252048.8658
3/1/2018,253200.9448
3/2/2018,255012.3761
3/3/2018,260398.6003
3/4/2018,253539.203
3/5/2018,254483.1024
3/6/2018,255139.4372
3/7/2018,263414.6349
3/8/2018,262514.1983
3/9/2018,256561.6774
3/10/2018,259056.4904
3/11/2018,257997.7068
3/12/2018,259747.3582
3/13/2018,259172.212
3/14/2018,256444.9328
3/15/2018,259568.9864
3/16/2018,268730.4354
3/17/2018,266964.9124
3/18/2018,264836.0208
3/19/2018,265871.0509
3/20/2018,267110.5194
3/21/2018,263506.8368
3/22/2018,263150.0403
3/23/2018,264344.1817
3/24/2018,262566.4697
3/25/2018,263810.3782
3/26/2018,270957.8644
3/27/2018,264771.4928
3/28/2018,264397.7036
3/29/2018,259874.6018
3/30/2018,262829.8108
3/31/2018,259223.1258
4/1/2018,259619.4056
4/2/2018,259753.6379
4/3/2018,253904.2585
4/4/2018,256180.9285
4/5/2018,257751.3129
4/6/2018,264227.025
4/7/2018,259807.1339
4/8/2018,257932.3909
4/9/2018,249655.5258
4/10/2018,255877.335
4/11/2018,253513.7145
4/12/2018,252079.5961
4/13/2018,254808.1705
4/14/2018,255080.6519
4/15/2018,255100.7545
4/16/2018,256052.3846
4/17/2018,255808.7177
4/18/2018,249352.2209
4/19/2018,256511.2913
4/20/2018,250405.9833
4/21/2018,259913.5162
4/22/2018,256619.2584
4/23/2018,260832.2833
4/24/2018,255641.5849
4/25/2018,257805.5643
4/26/2018,267393.1962
4/27/2018,257910.9333
4/28/2018,254255.7956
4/29/2018,265643.9588
4/30/2018,264176.9608
5/1/2018,256434.1957
5/2/2018,261978.5703
5/3/2018,263056.9143
5/4/2018,266084.0108
5/5/2018,270333.0862
5/6/2018,270847.4157
5/7/2018,276583.217
5/8/2018,273677.2789
5/9/2018,270175.0286
5/10/2018,270049.063
5/11/2018,273083.2403
5/12/2018,278875.4553
5/13/2018,278287.478
5/14/2018,273117.6599
5/15/2018,269469.4111
5/16/2018,269830.24
5/17/2018,272613.0226
5/18/2018,270655.4582
5/19/2018,272017.1413
5/20/2018,275816.8568
5/21/2018,278244.772
5/22/2018,275055.3865
5/23/2018,274364.416
5/24/2018,264380.7978
5/25/2018,266471.1125
5/26/2018,270868.0697
5/27/2018,264353.7928
5/28/2018,269029.2955
5/29/2018,268134.3091
5/30/2018,265948.756
5/31/2018,272316.521
6/1/2018,261144.0211
6/2/2018,268099.8023
6/3/2018,266067.2667
6/4/2018,267430.541
6/5/2018,266560.0064
6/6/2018,265007.3855
6/7/2018,267538.3994
6/8/2018,268957.8818
6/9/2018,280223.7453
6/10/2018,269619.0449
6/11/2018,274305.6302
6/12/2018,277830.7046
6/13/2018,270306.5868
6/14/2018,269852.2189
6/15/2018,269008.4063
6/16/2018,271809.3725
6/17/2018,269649.1862
6/18/2018,279860.27
6/19/2018,282435.7599
6/20/2018,279162.6223
6/21/2018,282764.1807
6/22/2018,284625.7577
6/23/2018,280672.2867
6/24/2018,281667.0977
6/25/2018,282781.5154
6/26/2018,280157.7279
6/27/2018,288133.7823
6/28/2018,279301.5766
6/29/2018,277277.2425
6/30/2018,287848.4026
7/1/2018,276235.7552
7/2/2018,281066.2288
7/3/2018,285353.1633
7/4/2018,282978.2286
7/5/2018,292250.0375
7/6/2018,287617.8867
7/7/2018,290970.122
7/8/2018,285211.1629
7/9/2018,292711.4538
7/10/2018,285475.5765
7/11/2018,277618.9439
7/12/2018,280736.7326
7/13/2018,277972.6386
7/14/2018,278402.5296
7/15/2018,280223.7415
7/16/2018,280468.6157
7/17/2018,286575.539
7/18/2018,284188.3364
7/19/2018,280865.4338
7/20/2018,276215.2061
7/21/2018,265356.9052
7/22/2018,277879.9228
7/23/2018,287300.9941
7/24/2018,282719.1101
7/25/2018,289873.6853
7/26/2018,287517.1961
7/27/2018,286980.17
7/28/2018,288229.5692
7/29/2018,289579.6618
7/30/2018,289075.2031
7/31/2018,290345.5569
8/1/2018,287162.3906
8/2/2018,292800.3203
8/3/2018,285672.7276
8/4/2018,292889.4426
8/5/2018,293048.5066
8/6/2018,293327.109
8/7/2018,291954.5748
8/8/2018,294985.5601
8/9/2018,295911.9974
8/10/2018,292146.4903
8/11/2018,293393.2115
8/12/2018,285376.3397
8/13/2018,285178.2999
8/14/2018,286578.1953
8/15/2018,283434.3978
8/16/2018,279030.9812
8/17/2018,284891.2505
8/18/2018,280430.8589
8/19/2018,282006.0502
8/20/2018,283826.5336
8/21/2018,286170.3659
8/22/2018,289763.7194
8/23/2018,279114.193
8/24/2018,282957.45
8/25/2018,283524.6978
8/26/2018,288842.6926
8/27/2018,285297.4737
8/28/2018,282969.428
8/29/2018,278007.4815
8/30/2018,279549.2413
8/31/2018,280439.7219
9/1/2018,277588.8544
9/2/2018,274831.7379
9/3/2018,274967.4979
9/4/2018,276727.458
9/5/2018,277065.298
9/6/2018,276862.3513
9/7/2018,272247.9516
9/8/2018,271323.9081
9/9/2018,257770.4413
9/10/2018,260772.6661
9/11/2018,255565.1744
9/12/2018,252569.2634
9/13/2018,246361.6094
9/14/2018,253565.5649
9/15/2018,254429.8705
9/16/2018,253293.4755
9/17/2018,254187.1006
9/18/2018,253649.0746
9/19/2018,257726.225
9/20/2018,256660.2049
9/21/2018,255415.9684
9/22/2018,262892.1809
9/23/2018,260332.227
9/24/2018,261741.3439
9/25/2018,259333.6504
9/26/2018,266760.1081
9/27/2018,265516.5942
9/28/2018,264448.9358
9/29/2018,259938.0808
9/30/2018,263793.7941
10/1/2018,259027.1628
10/2/2018,259556.2604
10/3/2018,258086.8149
10/4/2018,261317.7945
10/5/2018,259922.335
10/6/2018,261827.4556
10/7/2018,263804.8258
10/8/2018,266039.6993
10/9/2018,263567.6875
10/10/2018,263745.3818
10/11/2018,259550.9898
10/12/2018,259276.4273
10/13/2018,256898.5131
10/14/2018,259153.1832
10/15/2018,257050.9069
10/16/2018,257301.1164
10/17/2018,255963.6456
10/18/2018,260467.6722
10/19/2018,257014.036
10/20/2018,254001.5821
10/21/2018,250880.723
10/22/2018,248448.5101
10/23/2018,251290.444
10/24/2018,252624.5976
10/25/2018,248587.8675
10/26/2018,247418.1596
10/27/2018,249171.0755
10/28/2018,247255.9293
10/29/2018,245030.1321
10/30/2018,246201.3542
10/31/2018,250905.0699
11/1/2018,244006.5278
11/2/2018,238273.7031
11/3/2018,238121.4847
11/4/2018,242188.0672
11/5/2018,240396.5874
11/6/2018,240620.5981
11/7/2018,242339.0598
11/8/2018,244303.624
11/9/2018,239347.1981
11/10/2018,241506.2067
11/11/2018,246520.2576
11/12/2018,240140.4087
11/13/2018,242075.0552
11/14/2018,242719.7623
11/15/2018,241426.555
11/16/2018,245905.3567
11/17/2018,236757.3434
11/18/2018,237403.7532
11/19/2018,234641.4812
11/20/2018,230234.6676
11/21/2018,221561.8192
11/22/2018,215752.1927
11/23/2018,218447.3683
11/24/2018,216064.3952
11/25/2018,212268.4544
11/26/2018,212144.5729
11/27/2018,195098.6206
11/28/2018,187566.5787
11/29/2018,190642.8421
11/30/2018,189699.1171
12/1/2018,194472.9925
12/2/2018,186119.0702
12/3/2018,185698.7963
12/4/2018,189779.3064
12/5/2018,185236.3756
12/6/2018,188467.1311
12/7/2018,180043.8657
12/8/2018,176367.3456
12/9/2018,174777.9395
12/10/2018,184534.788
12/11/2018,177759.9197
12/12/2018,172754.9686
12/13/2018,171179.1852
12/14/2018,167959.6613
12/15/2018,171971.1573
12/16/2018,169448.7942
12/17/2018,166783.1153
12/18/2018,163361.85
12/19/2018,165252.0656
12/20/2018,164235.7302
12/21/2018,166137.2784
12/22/2018,168323.7647
12/23/2018,169348.9776
12/24/2018,177137.159
12/25/2018,182556.3271
12/26/2018,189689.6534
12/27/2018,184499.9643
12/28/2018,181452.6836
12/29/2018,182108.4782
12/30/2018,183085.9828
12/31/2018,185526.8826
1/1/2019,174844.3888
1/2/2019,180873.7589
1/3/2019,181264.0069
1/4/2019,180399.7742
1/5/2019,185468.098
1/6/2019,187186.1718
1/7/2019,190298.3768
1/8/2019,184981.6534
1/9/2019,190211.5117
1/10/2019,186276.7852
1/11/2019,186790.9227
1/12/2019,181093.0092
1/13/2019,182569.7794
1/14/2019,184943.4647
1/15/2019,188708.0399
1/16/2019,179529.688
1/17/2019,177700.9741
1/18/2019,177754.3264
1/19/2019,184503.3671
1/20/2019,184550.3414
1/21/2019,178144.598
1/22/2019,180021.9752
1/23/2019,168483.6724
1/24/2019,175286.5866
1/25/2019,175620.0016
1/26/2019,170993.5618
1/27/2019,168650.5178
1/28/2019,155983.8223
1/29/2019,146880.6219
1/30/2019,145301.9116
1/31/2019,150028.8135
2/1/2019,143116.014
2/2/2019,143036.2313
2/3/2019,139150.9121
2/4/2019,141058.0782
2/5/2019,141593.6815
2/6/2019,139435.1741
2/7/2019,139449.921
2/8/2019,142467.7242
2/9/2019,141162.9802
2/10/2019,145132.8832
2/11/2019,142235.6399
2/12/2019,147544.2715
2/13/2019,142540.4061
2/14/2019,140337.5751
2/15/2019,139939.2522
2/16/2019,144000.9622
2/17/2019,140520.5263
2/18/2019,144791.9973
2/19/2019,154063.7497
2/20/2019,152931.5965
2/21/2019,152031.7369
2/22/2019,150079.7621
2/23/2019,159998.9286
2/24/2019,156160.2762
2/25/2019,154106.7468
2/26/2019,156426.1998
2/27/2019,156143.051
2/28/2019,157689.3983
3/1/2019,153097.6788
3/2/2019,153058.8872
3/3/2019,151531.1136
3/4/2019,150458.7982
3/5/2019,152786.6159
3/6/2019,151340.1074
3/7/2019,151877.0796
3/8/2019,153458.7686
3/9/2019,148650.1467
3/10/2019,152288.5413
3/11/2019,148706.84
3/12/2019,147963.0717
3/13/2019,146450.3292
3/14/2019,147584.477
3/15/2019,147372.303
3/16/2019,153072.7414
3/17/2019,150878.2844
3/18/2019,148627.3403
3/19/2019,144234.0276
3/20/2019,150209.6171
3/21/2019,148069.7725
3/22/2019,146786.862
3/23/2019,147430.1559
3/24/2019,147221.5813
3/25/2019,147020.8267
3/26/2019,142510.2071
3/27/2019,141617.4885
3/28/2019,141422.8001
3/29/2019,141987.9888
3/30/2019,136800.333
3/31/2019,137794.0603
4/1/2019,145052.8084
4/2/2019,143434.3513
4/3/2019,142099.9699
4/4/2019,146678.0654
4/5/2019,145454.2284
4/6/2019,146623.543
4/7/2019,145749.6505
4/8/2019,146577.5911
4/9/2019,147734.0918
4/10/2019,151042.7971
4/11/2019,150418.3563
4/12/2019,149367.7831
4/13/2019,152091.1421
4/14/2019,153896.4586
4/15/2019,154386.8729
4/16/2019,151780.8453
4/17/2019,148013.0854
4/18/2019,147588.2697
4/19/2019,150842.0119
4/20/2019,149431.5319
4/21/2019,150581.2768
4/22/2019,152211.0941
4/23/2019,150491.558
4/24/2019,147605.7983
4/25/2019,148047.3709
4/26/2019,148934.0643
4/27/2019,151569.4474
4/28/2019,150065.793
4/29/2019,152499.316
4/30/2019,154027.76
5/1/2019,153722.9371
5/2/2019,152292.7053
5/3/2019,149734.1014
5/4/2019,157316.5166
5/5/2019,156285.5768
5/6/2019,152371.8572
5/7/2019,155268.599
5/8/2019,153710.6
5/9/2019,154275.3123
5/10/2019,154745.8825
5/11/2019,155036.8502
5/12/2019,157778.9209
5/13/2019,155740.5065
5/14/2019,160908.952
5/15/2019,162979.116
5/16/2019,161412.0335
5/17/2019,170929.3098
5/18/2019,171711.2012
5/19/2019,168230.642
5/20/2019,165541.0784
5/21/2019,163076.6483
5/22/2019,164945.575
5/23/2019,162420.2795
5/24/2019,159701.1251
5/25/2019,162225.7339
5/26/2019,161032.7064
5/27/2019,165801.474
5/28/2019,161367.1711
5/29/2019,171496.9579
5/30/2019,168020.9482
5/31/2019,169060.8842
6/1/2019,169032.1384
6/2/2019,170485.9048
6/3/2019,163195.0397
6/4/2019,164488.7217
6/5/2019,162120.4283
6/6/2019,168419.0153
6/7/2019,167649.4198
6/8/2019,163030.2239
6/9/2019,159778.6588
6/10/2019,163745.7268
6/11/2019,161584.9525
6/12/2019,161245.1261
6/13/2019,158745.7391
6/14/2019,159829.0172
6/15/2019,160137.3641
6/16/2019,160811.7646
6/17/2019,161713.7849
6/18/2019,160000.6762
6/19/2019,163011.8685
6/20/2019,162069.9412
6/21/2019,159418.4325
6/22/2019,159827.2427
6/23/2019,162318.9054
6/24/2019,166178.5326
6/25/2019,167034.8124
6/26/2019,174451.6268
6/27/2019,172580.466
6/28/2019,169995.0119
6/29/2019,174666.3416
6/30/2019,174456.9459
7/1/2019,172460.4335
7/2/2019,175169.9131
7/3/2019,169411.2432
7/4/2019,168938.6016
7/5/2019,169048.8549
7/6/2019,174383.7818
7/7/2019,171995.4145
7/8/2019,170731.7849
7/9/2019,174574.869
7/10/2019,175227.6061
7/11/2019,179304.7615
7/12/2019,179359.1291
7/13/2019,178738.4731
7/14/2019,182054.5074
7/15/2019,180056.646
7/16/2019,174846.4557
7/17/2019,179646.5336
7/18/2019,179801.3623
7/19/2019,173673.0553
7/20/2019,177854.7534
7/21/2019,173257.495
7/22/2019,172778.6891
7/23/2019,175478.344
7/24/2019,176912.3762
7/25/2019,175360.1291
7/26/2019,174397.9111
7/27/2019,179382.5403
7/28/2019,176411.9848
7/29/2019,175646.1396
7/30/2019,180307.3545
7/31/2019,174941.351
8/1/2019,173228.7337
8/2/2019,176081.4457
8/3/2019,178405.7882
8/4/2019,180738.4185
8/5/2019,183235.7199
8/6/2019,182823.2826
8/7/2019,184308.3472
8/8/2019,182923.0343
8/9/2019,181114.8757
8/10/2019,186207.4469
8/11/2019,181715.4689
8/12/2019,184513.6914
8/13/2019,183968.935
8/14/2019,182841.3072
8/15/2019,182862.8915
8/16/2019,182737.0873
8/17/2019,186578.2674
8/18/2019,179556.5396
8/19/2019,179945.771
8/20/2019,178785.0863
8/21/2019,177566.9045
8/22/2019,171272.3935
8/23/2019,177598.6117
8/24/2019,173067.8396
8/25/2019,174801.3614
8/26/2019,177089.2406
8/27/2019,170420.4691
8/28/2019,173711.3269
8/29/2019,179236.6472
8/30/2019,180476.1969
8/31/2019,177978.4232
9/1/2019,176687.9581
9/2/2019,178611.112
9/3/2019,179057.3439
9/4/2019,175086.6283
9/5/2019,178184.2536
9/6/2019,172733.3243
9/7/2019,181098.5111
9/8/2019,180477.091
9/9/2019,177112.0631
9/10/2019,178378.5661
9/11/2019,179039.046
9/12/2019,185563.6201
9/13/2019,181414.6861
9/14/2019,184795.162
9/15/2019,183581.7865
9/16/2019,189304.7567
9/17/2019,192000.1552
9/18/2019,196018.5435
9/19/2019,190494.7857
9/20/2019,193637.0258
9/21/2019,198978.4597
9/22/2019,192734.9286
9/23/2019,199333.536
9/24/2019,191290.0079
9/25/2019,196682.8169
9/26/2019,197297.1021
9/27/2019,194629.5574
9/28/2019,195699.3392
9/29/2019,194449.6847
9/30/2019,193290.9662
10/1/2019,194142.7961
10/2/2019,188135.7534
10/3/2019,186885.8356
10/4/2019,188236.163
10/5/2019,188788.1289
10/6/2019,189711.3362
10/7/2019,187555.9301
10/8/2019,186244.7815
10/9/2019,185639.6907
10/10/2019,188842.2452
10/11/2019,193819.3686
10/12/2019,187123.4417
10/13/2019,192904.6556
10/14/2019,188728.8483
10/15/2019,199635.4789
10/16/2019,193962.352
10/17/2019,193195.3343
10/18/2019,187021.2994
10/19/2019,193141.7473
10/20/2019,193542.0555
10/21/2019,186014.7475
10/22/2019,187596.6071
10/23/2019,194378.8577
10/24/2019,189521.9698
10/25/2019,182920.1315
10/26/2019,187611.5163
10/27/2019,182320.5677
10/28/2019,184699.5557
10/29/2019,185683.4638
10/30/2019,188925.8577
10/31/2019,188955.653
11/1/2019,190522.2155
11/2/2019,187497.2537
11/3/2019,186341.3478
11/4/2019,183158.2215
11/5/2019,185653.8604
11/6/2019,188146.3516
11/7/2019,187902.6798
11/8/2019,186125.1496
11/9/2019,185629.0391
11/10/2019,185993.7726
11/11/2019,183827.7149
11/12/2019,186497.6129
11/13/2019,189834.3566
11/14/2019,185732.041
11/15/2019,184339.1196
11/16/2019,180723.6621
11/17/2019,185684.0567
11/18/2019,186160.7828
11/19/2019,175333.371
11/20/2019,173702.3998
11/21/2019,183109.0627
11/22/2019,178083.5605
11/23/2019,180500.2788
11/24/2019,180480.0363
11/25/2019,183588.536
11/26/2019,168897.623
11/27/2019,174877.5321
11/28/2019,174311.4474
11/29/2019,174000.1415
11/30/2019,176390.3669
12/1/2019,172298.0926
12/2/2019,175854.8519
12/3/2019,178911.143
12/4/2019,175050.2398
12/5/2019,172730.816
12/6/2019,171233.5507
12/7/2019,176272.2813
12/8/2019,169367.0811
12/9/2019,172054.712
12/10/2019,179249.6091
12/11/2019,171878.7392
12/12/2019,174150.7808
12/13/2019,174481.2401
12/14/2019,175955.0134
12/15/2019,174569.0659
12/16/2019,172713.111
12/17/2019,165001.0049
12/18/2019,157833.9578
12/19/2019,157333.8268
12/20/2019,152167.876
12/21/2019,156301.3854
12/22/2019,153702.363
12/23/2019,154446.2514
12/24/2019,154675.0497
12/25/2019,150677.2825
12/26/2019,150043.9567
12/27/2019,151261.3112
12/28/2019,154481.3106
12/29/2019,154880.2767
12/30/2019,154669.2561
12/31/2019,152624.5334
1/1/2020,147405.0591
1/2/2020,153540.7797
1/3/2020,157936.461
1/4/2020,166126.2541
1/5/2020,160833.3584
1/6/2020,163488.3609
1/7/2020,167175.9771
1/8/2020,163834.6991
1/9/2020,159783.4716
1/10/2020,165545.2952
1/11/2020,166705.0085
1/12/2020,165169.4178
1/13/2020,165180.9953
1/14/2020,164961.529
1/15/2020,167670.505
1/16/2020,165250.7085
1/17/2020,167107.4379
1/18/2020,164400.5557
1/19/2020,165779.1695
1/20/2020,165912.961
1/21/2020,167454.6893
1/22/2020,164662.2315
1/23/2020,166597.4955
1/24/2020,168238.2329
1/25/2020,165886.0094
1/26/2020,163876.5952
1/27/2020,165508.1396
1/28/2020,162239.478
1/29/2020,166197.8155
1/30/2020,162017.7441
1/31/2020,163956.052
2/1/2020,161285.6779
2/2/2020,166373.2284
2/3/2020,165951.0448
2/4/2020,169235.5531
2/5/2020,166350.6544
2/6/2020,167236.1033
2/7/2020,166976.956
2/8/2020,169782.3201
2/9/2020,167141.6776
2/10/2020,169133.583
2/11/2020,171016.5903
2/12/2020,171999.2678
2/13/2020,174669.8601
2/14/2020,176201.7851
2/15/2020,175960.8209
2/16/2020,177480.606
2/17/2020,177058.5556
2/18/2020,178181.3898
2/19/2020,186380.1308
2/20/2020,179729.8399
2/21/2020,176910.3998
2/22/2020,181624.565
2/23/2020,180174.6165
2/24/2020,182405.6804
2/25/2020,177630.0342
2/26/2020,179982.0467
2/27/2020,186077.8083
2/28/2020,181946.0373
2/29/2020,182091.2526
3/1/2020,179991.3884
3/2/2020,178671.1802
3/3/2020,180471.7872
3/4/2020,182760.3248
3/5/2020,181102.9681
3/6/2020,178353.2062
3/7/2020,181256.3073
3/8/2020,185905.5478
3/9/2020,181825.015
3/10/2020,182248.865
3/11/2020,179478.6731
3/12/2020,181893.0697
3/13/2020,175549.6073
3/14/2020,172709.6044
3/15/2020,173963.8993
3/16/2020,174899.7895
3/17/2020,170012.8814
3/18/2020,174364.8188
3/19/2020,174894.121
3/20/2020,174054.6792
3/21/2020,180106.6438
3/22/2020,171178.0093
3/23/2020,175188.2453
3/24/2020,177982.9948
3/25/2020,175666.9651
3/26/2020,176100.0611
3/27/2020,176455.2315
3/28/2020,175777.2138
3/29/2020,179550.9457
3/30/2020,178537.4684
3/31/2020,173915.7244
4/1/2020,175437.1217
4/2/2020,179392.9219
4/3/2020,176900.7739
4/4/2020,173156.1962
4/5/2020,175373.6226
4/6/2020,169202.2306
4/7/2020,175025.1447
4/8/2020,175128.6673
4/9/2020,175967.1102
4/10/2020,179741.0364
4/11/2020,172886.6181
4/12/2020,179009.276
4/13/2020,177007.9711
4/14/2020,180310.899
4/15/2020,179367.6687
4/16/2020,180755.6439
4/17/2020,177414.4765
4/18/2020,178317.7031
4/19/2020,174688.5976
4/20/2020,174358.8137
4/21/2020,176861.6965
4/22/2020,176800.2512
4/23/2020,180267.5215
4/24/2020,177248.1154
4/25/2020,175986.0193
4/26/2020,176996.6145
4/27/2020,173346.0474
4/28/2020,172852.1464
4/29/2020,179635.5417
4/30/2020,182026.9342
5/1/2020,187072.9465
5/2/2020,185525.6094
5/3/2020,180677.0771
5/4/2020,187491.3243
5/5/2020,186883.6871
5/6/2020,180890.2501
5/7/2020,178858.6722
5/8/2020,182842.5816
5/9/2020,181423.8739
5/10/2020,179648.2506
5/11/2020,180380.3095
5/12/2020,180024.9859
5/13/2020,179815.0142
5/14/2020,182810.0862
5/15/2020,184975.6186
5/16/2020,180021.6285
5/17/2020,186270.6822
5/18/2020,179821.4184
5/19/2020,177233.7735
5/20/2020,183119.6911
5/21/2020,178439.1463
5/22/2020,178254.4489
5/23/2020,183802.3927
5/24/2020,182768.8961
5/25/2020,178237.2261
5/26/2020,179206.0128
5/27/2020,182878.1103
5/28/2020,178634.5644
5/29/2020,181030.9257
5/30/2020,183447.9762
5/31/2020,186409.674
6/1/2020,182664.2025
6/2/2020,185110.461
6/3/2020,186574.1541
6/4/2020,187369.4002
6/5/2020,186074.6592
6/6/2020,186023.9917
6/7/2020,188580.2037
6/8/2020,185010.9266
6/9/2020,183292.2598
6/10/2020,179062.9459
6/11/2020,181450.5696
6/12/2020,182327.0387
6/13/2020,182747.7365
6/14/2020,183596.2569
6/15/2020,183324.2542
6/16/2020,186231.7117
6/17/2020,181591.9844
6/18/2020,183042.3685
6/19/2020,187071.0167
6/20/2020,187926.7704
6/21/2020,187588.6189
6/22/2020,184143.0795
6/23/2020,187652.3397
6/24/2020,188992.2743
6/25/2020,191614.8727
6/26/2020,191549.0379
6/27/2020,187756.7497
6/28/2020,188072.1358
6/29/2020,189963.4223
6/30/2020,189228.7371
7/1/2020,185545.71
7/2/2020,186918.4078
7/3/2020,190406.3447
7/4/2020,190449.2609
7/5/2020,188952.1425
7/6/2020,190273.3022
7/7/2020,188128.8811
7/8/2020,194438.6022
7/9/2020,191400.8872
7/10/2020,188557.7734
7/11/2020,192487.6551
7/12/2020,193606.8197
7/13/2020,195185.0935
7/14/2020,190762.5661
7/15/2020,190147.5158
7/16/2020,190666.2482
7/17/2020,186762.8145
7/18/2020,192865.5901
7/19/2020,191833.4859
7/20/2020,187914.2271
7/21/2020,182592.6446
7/22/2020,180690.7122
7/23/2020,189843.8271
7/24/2020,195802.2415
7/25/2020,186965.8875
7/26/2020,194586.5201
7/27/2020,194650.5431
7/28/2020,200572.0905
7/29/2020,201604.2163
7/30/2020,196434.3489
7/31/2020,191051.4298
8/1/2020,195149.3351
8/2/2020,200624.1553
8/3/2020,193873.5688
8/4/2020,195108.6717
8/5/2020,194383.8445
8/6/2020,197226.264
8/7/2020,200371.091
8/8/2020,201237.8237
8/9/2020,206618.5654
8/10/2020,204235.9306
8/11/2020,201388.74
8/12/2020,204993.2998
8/13/2020,204911.4056
8/14/2020,212972.5266
8/15/2020,216288.0682
8/16/2020,210989.8461
8/17/2020,201924.5938
8/18/2020,198715.741
8/19/2020,207161.0726
8/20/2020,211546.0195
8/21/2020,216400.1501
8/22/2020,213028.1383
8/23/2020,218512.3304
8/24/2020,215700.7195
8/25/2020,216519.2237
8/26/2020,219546.5723
8/27/2020,215614.0542
8/28/2020,220801.5637
8/29/2020,214522.2972
8/30/2020,218630.3631
8/31/2020,219795.4565
9/1/2020,228234.5557
9/2/2020,227655.0292
9/3/2020,223022.8005
9/4/2020,234450.5062
9/5/2020,233423.1502
9/6/2020,241698.6327
9/7/2020,241281.8019
9/8/2020,239313.3931
9/9/2020,237497.0047
9/10/2020,234123.9587
9/11/2020,241833.8269
9/12/2020,246616.9677
9/13/2020,245792.1241
9/14/2020,243008.2427
9/15/2020,246299.1695
9/16/2020,240506.6408
9/17/2020,254113.4795
9/18/2020,244661.5442
9/19/2020,249157.4172
9/20/2020,252148.0498
9/21/2020,255543.1583
9/22/2020,249373.9827
9/23/2020,256221.4679
9/24/2020,248121.4467
9/25/2020,247769.8252
9/26/2020,254199.3072
9/27/2020,252519.4224
9/28/2020,251418.9419
9/29/2020,250888.4762
9/30/2020,253214.6819
10/1/2020,253031.2371
10/2/2020,254357.382
10/3/2020,249457.7118
10/4/2020,251323.8346
10/5/2020,254987.7643
10/6/2020,265383.1585
10/7/2020,259382.3062
10/8/2020,254594.1659
10/9/2020,257731.4794
10/10/2020,262559.7762
10/11/2020,260752.4476
10/12/2020,259780.9543
10/13/2020,265919.1653
10/14/2020,260079.179
10/15/2020,265545.748
10/16/2020,262450.2101
10/17/2020,264144.0378
10/18/2020,253714.0929
10/19/2020,267424.9409
10/20/2020,264326.5699
10/21/2020,262889.3283
10/22/2020,264632.0375
10/23/2020,265293.0131
10/24/2020,270618.4473
10/25/2020,263123.7684
10/26/2020,255042.5903
10/27/2020,261270.7462
10/28/2020,264434.5193
10/29/2020,269899.6122
10/30/2020,262882.3879
10/31/2020,264362.7692
11/1/2020,268618.7783
11/2/2020,257635.824
11/3/2020,264416.6088
11/4/2020,262921.7818
11/5/2020,260937.2006
11/6/2020,268987.9676
11/7/2020,270855.0568
11/8/2020,261643.365
11/9/2020,264378.0815
11/10/2020,265163.0229
11/11/2020,268484.3011
11/12/2020,264618.1822
11/13/2020,270725.9898
11/14/2020,265454.2954
11/15/2020,273273.2668
11/16/2020,264013.4807
11/17/2020,269938.1603
11/18/2020,266830.9124
11/19/2020,275283.4507
11/20/2020,274936.7927
11/21/2020,278233.8347
11/22/2020,280235.5571
11/23/2020,268619.2702
11/24/2020,280066.8046
11/25/2020,280107.1251
11/26/2020,277569.0916
11/27/2020,276594.2306
11/28/2020,276630.2627
11/29/2020,285270.8271
11/30/2020,288183.5567
12/1/2020,291797.5556
12/2/2020,274311.2988
12/3/2020,286334.5167
12/4/2020,284417.8054
12/5/2020,284714.3389
12/6/2020,287939.1606
12/7/2020,283120.0076
12/8/2020,285510.2449
12/9/2020,289906.1899
12/10/2020,286073.0634
12/11/2020,280182.386
12/12/2020,283508.9806
12/13/2020,285898.3644
12/14/2020,278583.3886
12/15/2020,279636.5702
12/16/2020,281807.8559
12/17/2020,283549.4698
12/18/2020,285546.1857
12/19/2020,280966.9359
12/20/2020,286901.0897
12/21/2020,289574.4372
12/22/2020,287688.3518
12/23/2020,295181.6095
12/24/2020,286676.6523
12/25/2020,281844.035
12/26/2020,292173.1417
12/27/2020,286869.8532
12/28/2020,300739.6361
12/29/2020,292932.1504
12/30/2020,289658.8006
12/31/2020,293670.9535
1/1/2021,293762.6595
1/2/2021,306346.6018
1/3/2021,303868.9075
1/4/2021,303251.2505
1/5/2021,306097.1481
1/6/2021,308011.7001
1/7/2021,306700.5055
1/8/2021,314493.4455
1/9/2021,311835.6593
1/10/2021,317391.222
1/11/2021,321688.6868
1/12/2021,324396.8739
1/13/2021,325770.1104
1/14/2021,328131.9598
1/15/2021,326202.6343
1/16/2021,332255.1144
1/17/2021,323388.492
1/18/2021,328427.9815
1/19/2021,330782.0894
1/20/2021,338213.5899
1/21/2021,333611.3356
1/22/2021,337203.7795
1/23/2021,342782.1891
1/24/2021,344284.8207
1/25/2021,349323.0236
1/26/2021,350582.3676
1/27/2021,356131.184
1/28/2021,353864.8024
1/29/2021,346680.4233
1/30/2021,344782.5762
1/31/2021,355631.6947
2/1/2021,363456.7296
2/2/2021,363476.4797
2/3/2021,359884.1034
2/4/2021,368332.2937
2/5/2021,367925.2545
2/6/2021,369168.7526
2/7/2021,383343.6912
2/8/2021,380557.1218
2/9/2021,378192.1621
2/10/2021,379900.8951
2/11/2021,385283.5901
2/12/2021,394544.4684
2/13/2021,388371.9376
2/14/2021,397958.5405
2/15/2021,397183.1821
2/16/2021,397159.1304
2/17/2021,403378.931
2/18/2021,395667.3644
2/19/2021,409076.0251
2/20/2021,402686.421
2/21/2021,394283.884
2/22/2021,411064.5227
2/23/2021,408130.2134
2/24/2021,416083.7354
2/25/2021,413567.4142
2/26/2021,415820.2382
2/27/2021,419010.0404
2/28/2021,418148.8532
3/1/2021,419972.242
3/2/2021,423581.9243
3/3/2021,408669.6429
3/4/2021,413048.9933
3/5/2021,424898.9037
3/6/2021,437561.5037
3/7/2021,432345.8003
3/8/2021,434026.8071
3/9/2021,429447.3496
3/10/2021,432057.6987
3/11/2021,429179.5044
3/12/2021,426231.8747
3/13/2021,436440.2978
3/14/2021,446680.906
3/15/2021,439958.3667
3/16/2021,447640.4158
3/17/2021,451434.9381
3/18/2021,445481.0982
3/19/2021,452384.3821
3/20/2021,463782.8908
3/21/2021,457142.7044
3/22/2021,453702.2598
3/23/2021,458818.2224
3/24/2021,456644.1132
3/25/2021,466920.5202
3/26/2021,478075.4561
3/27/2021,473457.0397
3/28/2021,477351.3128
3/29/2021,487236.732
3/30/2021,486381.4378
3/31/2021,482269.2595
4/1/2021,488263.6552
4/2/2021,490883.6004
4/3/2021,493933.1209
4/4/2021,504661.3626
4/5/2021,514496.8107
4/6/2021,507911.9863
4/7/2021,510173.0421
4/8/2021,520164.6427
4/9/2021,512284.61
4/10/2021,518135.0877
4/11/2021,510258.7918
4/12/2021,539964.1183
4/13/2021,536439.3516
4/14/2021,534784.8071
4/15/2021,534788.5007
4/16/2021,514120.6001
4/17/2021,522224.9023
4/18/2021,531046.4509
4/19/2021,510461.851
4/20/2021,530846.8549
4/21/2021,541356.0007
4/22/2021,538949.1996
4/23/2021,539129.7506
4/24/2021,541480.4112
4/25/2021,558255.7629
4/26/2021,562430.6079
4/27/2021,557235.5988
4/28/2021,575053.3189
4/29/2021,568263.862
4/30/2021,566158.3993
5/1/2021,572189.3644
5/2/2021,572049.1138
5/3/2021,573040.069
5/4/2021,588043.6014
5/5/2021,583361.0688
5/6/2021,596101.3131
5/7/2021,580225.3202
5/8/2021,592468.3454
5/9/2021,601085.784
5/10/2021,603241.7421
5/11/2021,604036.8695
5/12/2021,604529.3351
5/13/2021,618543.806
5/14/2021,619395.1676
5/15/2021,612776.0556
5/16/2021,629683.3096
5/17/2021,613785.9781
5/18/2021,628525.0569
5/19/2021,632820.4407
5/20/2021,643805.8731
5/21/2021,621500.1284
5/22/2021,621794.6472
5/23/2021,613847.6693
5/24/2021,608751.561
5/25/2021,605002.7384
5/26/2021,606507.4136
5/27/2021,600159.3541
5/28/2021,599444.4848
5/29/2021,597052.0837
5/30/2021,604655.8902
5/31/2021,597041.8277
6/1/2021,584926.6125
6/2/2021,598298.2993
6/3/2021,598452.2507
6/4/2021,613283.3011
6/5/2021,610328.8732
6/6/2021,618001.7688
6/7/2021,615433.2874
6/8/2021,618766.242
6/9/2021,607484.195
6/10/2021,590863.3448
6/11/2021,595853.4882
6/12/2021,584148.7717
6/13/2021,577674.1624
6/14/2021,576504.461
6/15/2021,594816.7019
6/16/2021,575448.0231
6/17/2021,575288.5991
6/18/2021,580292.3843
6/19/2021,562051.934
6/20/2021,548704.7631
6/21/2021,524813.2149
6/22/2021,515327.133
6/23/2021,496967.5813
6/24/2021,493929.6709
6/25/2021,481062.9144
6/26/2021,477535.4945
6/27/2021,479153.7314
6/28/2021,489265.9778
6/29/2021,492151.2463
6/30/2021,497653.3399
7/1/2021,487720.8927
7/2/2021,495779.9851
7/3/2021,494127.4956
7/4/2021,499551.5131
7/5/2021,505770.1308
7/6/2021,513556.1927
7/7/2021,508001.473
7/8/2021,511075.8048
7/9/2021,507214.5453
7/10/2021,528498.1002
7/11/2021,521012.5675
7/12/2021,525741.023
7/13/2021,505946.1635
7/14/2021,507499.7781
7/15/2021,515497.2254
7/16/2021,514131.7288
7/17/2021,519579.1713
7/18/2021,515027.2984
7/19/2021,522639.5428
7/20/2021,517260.583
7/21/2021,527143.7987
7/22/2021,526677.2509
7/23/2021,530400.8128
7/24/2021,539441.5048
7/25/2021,546510.698
7/26/2021,549463.3409
7/27/2021,545518.1575
7/28/2021,552945.8608
7/29/2021,554991.031
7/30/2021,535578.782
7/31/2021,554898.312
8/1/2021,560842.4677
8/2/2021,572773.3879
8/3/2021,583146.7292
8/4/2021,589185.1148
8/5/2021,586145.8508
8/6/2021,583001.5046
8/7/2021,593179.9125
8/8/2021,591121.9159
8/9/2021,607369.4509
8/10/2021,619487.7875
8/11/2021,597295.3268
8/12/2021,611582.3824
8/13/2021,608645.19
8/14/2021,608912.5631
8/15/2021,599448.6015
8/16/2021,600680.3239
8/17/2021,612692.7613
8/18/2021,614434.5584
8/19/2021,639189.3216
8/20/2021,620184.9921
8/21/2021,634292.4571
8/22/2021,637515.1922
8/23/2021,622243.7809
8/24/2021,641082.4804
8/25/2021,646723.3124
8/26/2021,650815.1401
8/27/2021,649086.6499
8/28/2021,641075.5588
8/29/2021,644359.7186
8/30/2021,653900.8128
8/31/2021,663087.1763
9/1/2021,652124.3965
9/2/2021,675293.7002
9/3/2021,676634.6325
9/4/2021,665850.3958
9/5/2021,689556.6066
9/6/2021,686845.3031
9/7/2021,684865.9509
9/8/2021,695160.1981
9/9/2021,689976.9123
9/10/2021,693490.5537
9/11/2021,695994.1011
9/12/2021,715404.4068
9/13/2021,695488.6943
9/14/2021,693885.5498
9/15/2021,701955.9772
9/16/2021,703614.8161
9/17/2021,701845.7732
9/18/2021,709714.9578
9/19/2021,713020.5052
9/20/2021,708289.5205
9/21/2021,729828.4272
9/22/2021,713263.1751
9/23/2021,696252.0361
9/24/2021,709173.874
9/25/2021,736674.3172
9/26/2021,718439.2308
9/27/2021,719363.987
9/28/2021,703279.6032
9/29/2021,714292.5673
9/30/2021,705663.7216
10/1/2021,729106.0202
10/2/2021,728724.3801
10/3/2021,721702.9948
10/4/2021,718428.7103
10/5/2021,745227.6862
10/6/2021,744109.3803
10/7/2021,732914.122
10/8/2021,755056.9149
10/9/2021,734342.6853
10/10/2021,734875.5102
10/11/2021,753653.3135
10/12/2021,751624.8591
10/13/2021,755125.0721
10/14/2021,750305.2634
10/15/2021,730258.3181
10/16/2021,750456.8859
10/17/2021,750143.6308
10/18/2021,743880.9098
10/19/2021,747945.6305
10/20/2021,754709.6163
10/21/2021,764763.9938
10/22/2021,775464.5922
10/23/2021,762041.8258
10/24/2021,771219.5668
10/25/2021,791071.4421
10/26/2021,796164.1634
10/27/2021,792962.2137
10/28/2021,782103.3856
10/29/2021,784257.731
10/30/2021,798599.361
10/31/2021,778448.5875
11/1/2021,812768.9228
11/2/2021,813533.6271
11/3/2021,821207.0578
11/4/2021,786898.5689
11/5/2021,809414.9277
11/6/2021,803254.6443
11/7/2021,830058.8955
11/8/2021,828352.8021
11/9/2021,843908.6252
11/10/2021,827627.5242
11/11/2021,852646.6571
11/12/2021,851709.6849
11/13/2021,858640.8968
11/14/2021,846521.7889
11/15/2021,860730.2002
11/16/2021,840451.8551
11/17/2021,876388.0683
11/18/2021,892219.4763
11/19/2021,846258.9856
11/20/2021,841135.7763
11/21/2021,837845.0236
11/22/2021,863875.1297
11/23/2021,862727.0348
11/24/2021,863950.8831
11/25/2021,836120.0865
11/26/2021,810891.6785
11/27/2021,846268.2485
11/28/2021,853575.8145
11/29/2021,856967.8171
11/30/2021,856030.0567
12/1/2021,866811.3409
12/2/2021,885583.4592
12/3/2021,880689.4078
12/4/2021,871192.6314
12/5/2021,897619.6677
12/6/2021,902881.1073
12/7/2021,909842.3857
12/8/2021,904023.9881
12/9/2021,904222.6675
12/10/2021,890155.2453
12/11/2021,886741.6694
12/12/2021,895346.7175
12/13/2021,923067.6744
12/14/2021,932658.5315
12/15/2021,924274.0751
12/16/2021,901874.6907
12/17/2021,902430.8407
12/18/2021,927235.4423
12/19/2021,918428.5423
12/20/2021,949127.0092
12/21/2021,947223.3495
12/22/2021,930372.6554
12/23/2021,927101.3504
12/24/2021,931910.5518
12/25/2021,927482.138
12/26/2021,925236.3491
12/27/2021,933679.6269
12/28/2021,929503.7485
12/29/2021,946471.4939
12/30/2021,952593.718
12/31/2021,925877.7919
1/1/2022,931253.1153
1/2/2022,953746.8692
1/3/2022,966969.7774
1/4/2022,980138.5643
1/5/2022,967206.6793
1/6/2022,950513.9663
1/7/2022,927737.5815
1/8/2022,938655.8039
1/9/2022,984718.7793
1/10/2022,949272.4736
1/11/2022,959211.934
1/12/2022,976508.6331
1/13/2022,971174.139
1/14/2022,971300.864
1/15/2022,945447.9576
1/16/2022,955863.0903
1/17/2022,964698.2735
1/18/2022,991549.669
1/19/2022,972879.6258
1/20/2022,977191.4289
1/21/2022,979366.3569
1/22/2022,1010869.6217
1/23/2022,991453.188
1/24/2022,985776.5206
1/25/2022,967449.1185
1/26/2022,995231.918
1/27/2022,993377.3777
1/28/2022,981166.5036
1/29/2022,989415.7732
1/30/2022,998283.1959
1/31/2022,986463.4862
2/1/2022,1008379.2496
2/2/2022,1014108.1231
2/3/2022,969831.4981
2/4/2022,1006239.7528
2/5/2022,998720.009
2/6/2022,1022458.1649
2/7/2022,994622.056
2/8/2022,1005565.764
2/9/2022,1021269.8779
2/10/2022,1015366.6658
2/11/2022,996605.2332
2/12/2022,1002890.0046
2/13/2022,1026558.6238
2/14/2022,1022997.4895
2/15/2022,1028233.4547
2/16/2022,995487.6767
2/17/2022,1006539.7272
2/18/2022,1008283.7493
2/19/2022,994731.7072
2/20/2022,1010019.2029
2/21/2022,1014670.9468
2/22/2022,996046.501
2/23/2022,1005029.7508
2/24/2022,1006229.4607
2/25/2022,1002383.9628
2/26/2022,1001090.9897
2/27/2022,1026106.1147
2/28/2022,999088.94
3/1/2022,1012484.1294
3/2/2022,1009258.0287
3/3/2022,995169.5983
3/4/2022,1016567.5163
3/5/2022,982862.8434
3/6/2022,992479.8265
3/7/2022,971142.7319
3/8/2022,992821.6898
3/9/2022,990655.346
3/10/2022,1017091.9
3/11/2022,990277.5195
3/12/2022,1039866.4951
3/13/2022,992815.7181
3/14/2022,1009809.8755
3/15/2022,992253.7388
3/16/2022,999435.7911
3/17/2022,1003704.7335
3/18/2022,1009633.518
3/19/2022,1026622.8428
3/20/2022,1001554.0288
3/21/2022,1021064.0891
3/22/2022,1006553.6014
3/23/2022,1020812.9199
3/24/2022,1010709.4433
3/25/2022,1040532.6356
3/26/2022,1009378.8735
3/27/2022,1004469.4606
3/28/2022,1034199.0586
3/29/2022,1029609.4084
3/30/2022,1038206.3918
3/31/2022,1016660.6672
4/1/2022,1039027.0674
4/2/2022,1016726.0034
4/3/2022,1029225.3276
4/4/2022,1013221.2781
4/5/2022,1033223.9747
4/6/2022,1031627.0223
4/7/2022,1040027.6668
4/8/2022,1037840.0533
4/9/2022,1026604.933
4/10/2022,1030194.6897
4/11/2022,1060462.33
4/12/2022,1024826.6733
4/13/2022,1031181.9534
4/14/2022,1039023.5747
4/15/2022,1031546.6745
4/16/2022,1021740.9418
4/17/2022,1059387.7096
4/18/2022,1063522.3023
4/19/2022,1056777.3329
4/20/2022,1039961.6397
4/21/2022,1035568.5877
4/22/2022,1047429.6607
4/23/2022,1061114.0921
4/24/2022,1059605.7396
4/25/2022,1057115.1788
4/26/2022,1029775.8521
4/27/2022,1032052.1979
4/28/2022,1039787.6397
4/29/2022,1040439.5775
4/30/2022,1064295.5734
5/1/2022,1082118.4981
5/2/2022,1068169.7198
5/3/2022,1084487.7937
5/4/2022,1064632.1729
5/5/2022,1064272.3904
5/6/2022,1060674.4949
5/7/2022,1060736.5613
5/8/2022,1084999.068
5/9/2022,1098991.913
5/10/2022,1077125.8645
5/11/2022,1116032.5574
5/12/2022,1081578.324
5/13/2022,1126674.2703
5/14/2022,1072681.6215
5/15/2022,1103158.6012
5/16/2022,1098342.139
5/17/2022,1093683.6481
5/18/2022,1113093.1944
5/19/2022,1088978.082
5/20/2022,1096209.3142
5/21/2022,1097870.4945
5/22/2022,1068261.2381
5/23/2022,1089471.4732
5/24/2022,1081511.8777
5/25/2022,1088967.6465
5/26/2022,1064456.5534
5/27/2022,1103868.8972
5/28/2022,1071542.2787
5/29/2022,1088665.6171
5/30/2022,1076536.8257
5/31/2022,1084741.261
6/1/2022,1063426.7473
6/2/2022,1075216.2913
6/3/2022,1081027.8931
6/4/2022,1080736.5454
6/5/2022,1067953.5223
6/6/2022,1039130.8261
6/7/2022,1069444.8123
6/8/2022,1078056.2869
6/9/2022,1051589.8365
6/10/2022,1059067.3095
6/11/2022,1062623.8895
6/12/2022,1060942.6495
6/13/2022,1042559.2551
6/14/2022,1007032.974
6/15/2022,961544.4888
6/16/2022,976860.627
6/17/2022,990357.0991
6/18/2022,994032.0663
6/19/2022,948768.482
6/20/2022,951603.932
6/21/2022,951648.0126
6/22/2022,946250.5064
6/23/2022,925165.0995
6/24/2022,928664.2792
6/25/2022,951264.7294
6/26/2022,909572.1972
6/27/2022,943907.9322
6/28/2022,912596.1668
6/29/2022,914229.795
6/30/2022,907696.3864
7/1/2022,913699.6861
7/2/2022,910836.3933
7/3/2022,929281.8055
7/4/2022,916029.4626
7/5/2022,925866.8559
7/6/2022,915898.3569
7/7/2022,902152.6591
7/8/2022,933428.8784
7/9/2022,906382.5003
7/10/2022,929678.6187
7/11/2022,902473.6572
7/12/2022,932550.9544
7/13/2022,885912.125
7/14/2022,903941.997
7/15/2022,914778.4239
7/16/2022,925490.4229
7/17/2022,912465.5046
7/18/2022,927345.1384
7/19/2022,941796.1407
7/20/2022,929182.437
7/21/2022,922780.5079
7/22/2022,920281.7657
7/23/2022,959451.2137
7/24/2022,943248.4951
7/25/2022,917413.4802
7/26/2022,927845.3406
7/27/2022,929397.4788
7/28/2022,943049.8504
7/29/2022,919539.6407
7/30/2022,932188.9655
7/31/2022,922780.6693
8/1/2022,926505.5348
8/2/2022,951185.5973
8/3/2022,920522.2392
8/4/2022,929250.0714
8/5/2022,955577.2334
8/6/2022,928465.88
8/7/2022,930127.3479
8/8/2022,910140.7774
8/9/2022,920896.6643
8/10/2022,925844.0338
8/11/2022,931222.4967
8/12/2022,917682.3721
8/13/2022,948337.4973
8/14/2022,948763.7166
8/15/2022,922988.4189
8/16/2022,951213.5835
8/17/2022,935361.9831
8/18/2022,917879.4083
8/19/2022,899421.5449
8/20/2022,899721.7672
8/21/2022,920200.2608
8/22/2022,901217.8192
8/23/2022,926316.2456
8/24/2022,922247.1774
8/25/2022,904925.5381
8/26/2022,923598.0151
8/27/2022,939562.9655
8/28/2022,923694.1766
8/29/2022,964614.9056
8/30/2022,937368.4914
8/31/2022,941081.7545
9/1/2022,930311.5575
9/2/2022,967979.7951
9/3/2022,935765.7638
9/4/2022,960475.2767
9/5/2022,908624.1461
9/6/2022,918794.8934
9/7/2022,926992.814
9/8/2022,946966.8114
9/9/2022,909589.6848
9/10/2022,917462.5103
9/11/2022,898524.753
9/12/2022,909094.2475
9/13/2022,914926.9191
9/14/2022,871044.1926
9/15/2022,213620.359
9/16/2022,0.0
9/17/2022,0.0
9/18/2022,0.0
9/19/2022,0.0
9/20/2022,0.0
9/21/2022,0.0
9/22/2022,0.0
9/23/2022,0.0
9/24/2022,0.0
9/25/2022,0.0
9/26/2022,0.0
9/27/2022,0.0
9/28/2022,0.0
9/29/2022,0.0
9/30/2022,0.0
10/1/2022,0.0
10/2/2022,0.0
10/3/2022,0.0
10/4/2022,0.0
10/5/2022,0.0
10/6/2022,0.0
10/7/2022,0.0
10/8/2022,0.0
10/9/2022,0.0
10/10/2022,0.0
10/11/2022,0.0
10/12/2022,0.0
10/13/2022,0.0
10/14/2022,0.0
10/15/2022,0.0
10/16/2022,0.0
10/17/2022,0.0
10/18/2022,0.0
10/19/2022,0.0
10/20/2022,0.0
10/21/2022,0.0
10/22/2022,0.0
10/23/2022,0.0
10/24/2022,0.0
10/25/2022,0.0
10/26/2022,0.0
10/27/2022,0.0
10/28/2022,0.0
10/29/2022,0.0
10/30/2022,0.0
10/31/2022,0.0
11/1/2022,0.0
11/2/2022,0.0
11/3/2022,0.0
11/4/2022,0.0
11/5/2022,0.0
11/6/2022,0.0
11/7/2022,0.0
11/8/2022,0.0
11/9/2022,0.0
11/10/2022,0.0
11/11/2022,0.0
11/12/2022,0.0
